-- phpMyAdmin SQL Dump
-- version 4.8.5
-- https://www.phpmyadmin.net/
--
-- Хост: 127.0.0.1
-- Время создания: Дек 01 2019 г., 13:04
-- Версия сервера: 10.1.38-MariaDB
-- Версия PHP: 7.3.4

SET SQL_MODE = "NO_AUTO_VALUE_ON_ZERO";
SET AUTOCOMMIT = 0;
START TRANSACTION;
SET time_zone = "+00:00";


/*!40101 SET @OLD_CHARACTER_SET_CLIENT=@@CHARACTER_SET_CLIENT */;
/*!40101 SET @OLD_CHARACTER_SET_RESULTS=@@CHARACTER_SET_RESULTS */;
/*!40101 SET @OLD_COLLATION_CONNECTION=@@COLLATION_CONNECTION */;
/*!40101 SET NAMES utf8mb4 */;

--
-- База данных: `imisbase`
--

-- --------------------------------------------------------

--
-- Структура таблицы `agriculture`
--

CREATE TABLE `agriculture` (
  `id` int(10) UNSIGNED NOT NULL,
  `water_for_corn` double NOT NULL,
  `water_for_cotton` double NOT NULL,
  `water_for_vegetables` double NOT NULL,
  `water_for_gourds` double NOT NULL,
  `water_for_potatoes` double NOT NULL,
  `water_for_grass` double NOT NULL,
  `water_for_crops` double NOT NULL,
  `water_for_clover` double NOT NULL,
  `water_for_gardens` double NOT NULL,
  `water_for_crop_1` double NOT NULL,
  `water_for_crop_2` double NOT NULL,
  `summary_of_water` double NOT NULL,
  `volume_of_water` double NOT NULL,
  `created_at` timestamp NULL DEFAULT NULL,
  `updated_at` timestamp NULL DEFAULT NULL,
  `id_wua` int(10) UNSIGNED NOT NULL
) ENGINE=InnoDB DEFAULT CHARSET=utf8mb4 COLLATE=utf8mb4_unicode_ci;

-- --------------------------------------------------------

--
-- Структура таблицы `canals`
--

CREATE TABLE `canals` (
  `CanalCode` int(10) UNSIGNED NOT NULL,
  `shape` linestring NOT NULL,
  `name_rus` text COLLATE utf8mb4_unicode_ci NOT NULL,
  `name_tj` text COLLATE utf8mb4_unicode_ci NOT NULL,
  `name_eng` text COLLATE utf8mb4_unicode_ci NOT NULL,
  `year_of_commissioning` smallint(6) NOT NULL,
  `material` text COLLATE utf8mb4_unicode_ci NOT NULL,
  `bandwidth` double NOT NULL,
  `the_width_of_the_top` double NOT NULL,
  `bottom_width` double NOT NULL,
  `depth` double NOT NULL,
  `created_at` timestamp NULL DEFAULT NULL,
  `updated_at` timestamp NULL DEFAULT NULL,
  `id_river_network` int(10) UNSIGNED DEFAULT NULL,
  `id_wua` int(10) UNSIGNED NOT NULL,
  `id_basins` int(10) UNSIGNED NOT NULL
) ENGINE=InnoDB DEFAULT CHARSET=utf8mb4 COLLATE=utf8mb4_unicode_ci;

-- --------------------------------------------------------

--
-- Структура таблицы `catchment_areas`
--

CREATE TABLE `catchment_areas` (
  `CCode` int(10) UNSIGNED NOT NULL,
  `name_rus` text COLLATE utf8mb4_unicode_ci NOT NULL,
  `name_eng` text COLLATE utf8mb4_unicode_ci NOT NULL,
  `name_tj` text COLLATE utf8mb4_unicode_ci NOT NULL,
  `woc` int(11) NOT NULL,
  `district` text COLLATE utf8mb4_unicode_ci NOT NULL,
  `region` text COLLATE utf8mb4_unicode_ci NOT NULL,
  `republic` text COLLATE utf8mb4_unicode_ci NOT NULL,
  `area` double NOT NULL,
  `created_at` timestamp NULL DEFAULT NULL,
  `updated_at` timestamp NULL DEFAULT NULL,
  `id_water_bazins_zones` int(10) UNSIGNED DEFAULT NULL
) ENGINE=InnoDB DEFAULT CHARSET=utf8mb4 COLLATE=utf8mb4_unicode_ci;

-- --------------------------------------------------------

--
-- Структура таблицы `dekadnyi_hpk_aio`
--

CREATE TABLE `dekadnyi_hpk_aio` (
  `id` int(11) NOT NULL,
  `name1` varchar(30) NOT NULL,
  `name2` int(11) NOT NULL,
  `name3` varchar(64) DEFAULT NULL,
  `name4` varchar(30) NOT NULL,
  `name5` int(11) NOT NULL,
  `name6` int(11) NOT NULL,
  `name7` int(11) NOT NULL,
  `name8` int(11) NOT NULL,
  `name9` int(11) NOT NULL,
  `name10` int(11) NOT NULL,
  `name11` int(11) NOT NULL,
  `name12` int(11) NOT NULL,
  `name13` int(11) NOT NULL,
  `name14` int(11) NOT NULL,
  `name15` int(11) NOT NULL,
  `name16` int(11) NOT NULL,
  `name17` int(11) NOT NULL,
  `name18` int(11) NOT NULL,
  `name19` int(11) NOT NULL,
  `name20` int(11) NOT NULL,
  `name21` int(11) NOT NULL,
  `name22` int(11) NOT NULL,
  `name23` int(11) NOT NULL,
  `name24` int(11) NOT NULL,
  `name25` int(11) NOT NULL,
  `name26` int(11) NOT NULL,
  `name27` int(11) NOT NULL,
  `name28` int(11) NOT NULL,
  `name29` int(11) NOT NULL,
  `name30` int(11) NOT NULL,
  `name31` int(11) NOT NULL,
  `name32` int(11) NOT NULL,
  `name33` int(11) NOT NULL,
  `name34` int(11) NOT NULL,
  `name35` int(11) NOT NULL,
  `name36` int(11) NOT NULL,
  `name37` int(11) NOT NULL,
  `name38` int(11) NOT NULL,
  `name39` int(11) NOT NULL,
  `name40` int(11) NOT NULL,
  `name41` int(11) NOT NULL,
  `name42` int(11) NOT NULL
) ENGINE=InnoDB DEFAULT CHARSET=utf8;

--
-- Дамп данных таблицы `dekadnyi_hpk_aio`
--

INSERT INTO `dekadnyi_hpk_aio` (`id`, `name1`, `name2`, `name3`, `name4`, `name5`, `name6`, `name7`, `name8`, `name9`, `name10`, `name11`, `name12`, `name13`, `name14`, `name15`, `name16`, `name17`, `name18`, `name19`, `name20`, `name21`, `name22`, `name23`, `name24`, `name25`, `name26`, `name27`, `name28`, `name29`, `name30`, `name31`, `name32`, `name33`, `name34`, `name35`, `name36`, `name37`, `name38`, `name39`, `name40`, `name41`, `name42`) VALUES
(1, 'Шахоб', 1897, 'к-л Катта,к-л Хаёт', 'Хаз.м3', 0, 0, 0, 0, 9, 37, 113, 357, 704, 639, 463, 859, 1290, 1098, 1140, 1225, 1231, 1178, 1268, 1434, 1741, 1742, 1386, 1257, 1268, 783, 384, 307, 112, 227, 122, 3, 4, 0, 0, 0, 16211, 324210),
(2, 'Шох', 909, 'к-л Хаёт,к-л Катта', 'Хаз.м3', 0, 0, 0, 0, 0, 0, 31, 151, 342, 353, 280, 452, 621, 490, 481, 517, 503, 475, 495, 548, 521, 452, 360, 304, 302, 121, 32, 164, 40, 120, 80, 3, 4, 0, 0, 0, 5874, 117483),
(3, 'Хабиб Фозилов', 660, 'к-л Хаёт', 'Хаз.м3', 0, 0, 0, 0, 1, 3, 15, 107, 231, 244, 173, 294, 447, 366, 375, 390, 388, 361, 387, 419, 421, 344, 289, 324, 371, 221, 152, 217, 131, 135, 48, 4, 5, 0, 0, 0, 4948, 98962),
(4, 'Чирик', 1338, 'к-л Катта', 'Хаз.м3', 0, 0, 0, 0, 1, 4, 69, 286, 584, 459, 290, 636, 925, 837, 891, 950, 925, 888, 971, 1092, 1103, 983, 819, 934, 1022, 540, 353, 441, 304, 262, 71, 6, 8, 0, 0, 0, 12160, 243200),
(5, 'Нахри Калон', 1403, 'к-л Катта', 'Хаз.м3', 0, 0, 0, 0, 1, 3, 10, 214, 431, 504, 408, 622, 914, 689, 671, 701, 731, 674, 712, 761, 748, 583, 510, 660, 924, 642, 563, 696, 451, 418, 130, 1, 1, 0, 0, 0, 10222, 204430),
(6, 'Фаровон', 2826, 'к-л КМК', 'Хаз.м3', 0, 0, 0, 0, 10, 39, 52, 426, 804, 933, 635, 957, 1962, 1738, 1865, 1985, 2045, 1828, 1888, 1967, 1777, 1312, 1108, 1116, 1317, 853, 576, 680, 425, 426, 138, 6, 7, 0, 0, 0, 20828, 416557),
(7, 'Чуйи Равон', 1268, 'к-л Катта', 'Хаз.м3', 0, 0, 0, 0, 0, 2, 4, 97, 361, 601, 556, 696, 792, 408, 277, 287, 296, 281, 315, 344, 363, 296, 298, 753, 1050, 766, 763, 1112, 737, 673, 205, 0, 1, 0, 0, 0, 8493, 169857),
(8, 'Вахдат', 2648, 'к-л Катта', 'Хаз.м3', 0, 0, 0, 0, 2, 9, 53, 702, 1079, 666, 309, 1040, 1735, 1706, 1922, 1999, 2079, 1968, 2131, 2322, 2420, 1978, 1630, 1286, 1609, 961, 566, 358, 209, 201, 64, 1, 2, 0, 0, 0, 23186, 463711),
(9, 'Хаваскор-1', 1068, 'к-л Чирик', 'Хаз.м3', 0, 0, 0, 0, 1, 5, 33, 187, 384, 361, 215, 398, 747, 691, 748, 809, 817, 747, 777, 834, 780, 627, 531, 685, 770, 451, 335, 393, 293, 228, 48, 0, 1, 0, 0, 0, 9293, 185863),
(10, 'Оби Хаёт', 1112, 'к-л КМК', 'Хаз.м3', 0, 0, 0, 0, 6, 23, 39, 175, 349, 394, 297, 462, 766, 640, 659, 696, 706, 655, 692, 737, 709, 567, 481, 565, 696, 452, 363, 437, 297, 269, 74, 5, 6, 0, 0, 0, 8777, 175537),
(11, 'Кубод-1', 1181, 'к-л КМК', 'Хаз.м3', 0, 0, 0, 0, 1, 6, 13, 98, 284, 491, 440, 501, 864, 666, 618, 660, 658, 588, 620, 646, 546, 411, 387, 562, 708, 441, 375, 569, 359, 352, 119, 8, 10, 0, 0, 0, 8345, 166898),
(12, 'Дарёи Вавхш Полвон Тугай', 178, 'дарёи Вахш', 'Хаз.м3', 0, 0, 0, 0, 1, 5, 6, 36, 72, 64, 36, 76, 137, 139, 140, 151, 159, 158, 176, 187, 205, 168, 145, 128, 126, 49, 17, 28, 13, 21, 9, 0, 0, 0, 0, 0, 1729, 34587),
(13, 'Чамъ.н. Кубодиён', 16487, '', 'Хаз.м3', 0, 0, 0, 0, 34, 136, 440, 2835, 5625, 5709, 4102, 6994, 11199, 9468, 9785, 10370, 10538, 9801, 10430, 11290, 11335, 9463, 7945, 8574, 10164, 6279, 4478, 5402, 3370, 3331, 1108, 38, 48, 0, 0, 0, 130065, 2601296),
(14, 'АИО Хочаи Чом', 1286, 'к-л Шахритуз', 'Хаз.м3', 0, 0, 0, 0, 2, 10, 26, 211, 403, 401, 210, 379, 910, 880, 981, 1057, 1085, 968, 1004, 1053, 958, 722, 602, 577, 577, 310, 131, 155, 92, 98, 34, 0, 0, 0, 0, 0, 9928, 198565),
(15, 'АИО Навруз', 1874, 'к-л БМК', 'Хаз.м3', 0, 0, 0, 0, 3, 12, 136, 424, 820, 617, 480, 976, 1286, 1108, 1139, 1244, 1209, 1187, 1231, 1404, 1377, 1284, 1035, 1206, 1472, 799, 667, 789, 544, 468, 125, 2, 2, 0, 0, 0, 16739, 334782),
(16, 'АИО Сайёд', 1356, 'к-л Сайёд', 'Хаз.м3', 0, 0, 0, 0, 2, 7, 59, 281, 524, 425, 282, 608, 913, 805, 855, 895, 895, 854, 910, 1007, 1038, 892, 724, 671, 778, 416, 263, 312, 176, 195, 75, 6, 8, 0, 0, 0, 10905, 218108),
(17, 'АИО Ватан-1', 763, 'к-л М.Бешкент', 'Хаз.м3', 0, 0, 0, 0, 3, 12, 75, 127, 265, 258, 267, 442, 497, 331, 287, 312, 302, 316, 321, 386, 410, 428, 316, 215, 284, 101, 83, 205, 62, 150, 91, 2, 2, 0, 0, 0, 4683, 93662),
(18, 'АИО Орзу', 637, 'к-л Хушоди', 'Хаз.м3', 0, 0, 0, 0, 2, 8, 32, 96, 201, 207, 136, 230, 445, 396, 424, 459, 465, 424, 435, 467, 437, 357, 295, 356, 399, 226, 168, 211, 149, 128, 32, 1, 1, 0, 0, 0, 5213, 104255),
(19, 'АИО Дустй', 964, 'к-л Хушоди', 'Хаз.м3', 0, 0, 0, 0, 3, 11, 89, 213, 410, 274, 163, 447, 651, 592, 638, 684, 676, 664, 709, 812, 870, 810, 643, 651, 711, 329, 215, 258, 170, 159, 47, 3, 4, 0, 0, 0, 8751, 175024),
(20, 'АИО Каракул', 796, 'к-л Шахритуз', 'Хаз.м3', 0, 0, 0, 0, 1, 3, 22, 153, 341, 319, 217, 393, 556, 480, 497, 527, 507, 480, 702, 817, 809, 753, 729, 860, 911, 540, 259, 343, 241, 203, 53, 5, 7, 0, 0, 0, 8625, 172502),
(21, 'АИО Тартки', 1018, 'к-л Тартки', 'Хаз.м3', 0, 0, 0, 0, 1, 2, 33, 177, 358, 359, 300, 511, 669, 507, 481, 506, 516, 503, 573, 646, 679, 603, 525, 611, 797, 487, 393, 502, 318, 304, 100, 2, 2, 0, 0, 0, 8227, 164533),
(22, 'АИО Карашувок', 1325, 'к-л Тартки', 'Хаз.м3', 0, 0, 0, 0, 13, 53, 69, 269, 519, 490, 340, 614, 1003, 966, 956, 1039, 1083, 1080, 1187, 1269, 1339, 1116, 950, 850, 896, 409, 226, 309, 174, 217, 79, 0, 0, 0, 0, 0, 12400, 247992),
(23, 'АИО Айвоч', 854, 'к-л Хушоди', 'Хаз.м3', 0, 0, 0, 0, 1, 3, 88, 183, 366, 247, 181, 440, 568, 481, 491, 536, 527, 532, 555, 651, 706, 690, 528, 434, 454, 136, 54, 137, 38, 99, 63, 0, 0, 0, 0, 0, 6697, 133942),
(24, 'Чамъ.н.Шахритуз', 10875, '', 'Хаз.м3', 0, 0, 0, 0, 30, 122, 629, 2133, 4205, 3599, 2577, 5039, 7498, 6546, 6750, 7260, 7266, 7009, 7627, 8513, 8623, 7656, 6347, 6431, 7277, 3755, 2458, 3221, 1963, 2022, 698, 21, 27, 0, 0, 0, 92168, 1843366),
(25, 'АИО Бешкент', 1458, 'к-л М. Бешкент ', 'Хаз.м3', 0, 0, 0, 0, 4, 14, 67, 190, 466, 555, 457, 681, 974, 719, 683, 743, 750, 706, 733, 806, 790, 684, 550, 558, 613, 306, 202, 448, 211, 305, 147, 0, 0, 0, 0, 0, 9400, 188007),
(26, 'АИО Сайхун', 1174, 'к-л БМК', 'Хаз.м3', 0, 0, 0, 0, 1, 4, 84, 220, 443, 346, 203, 450, 837, 798, 868, 952, 950, 888, 906, 1001, 961, 843, 667, 642, 637, 239, 102, 166, 89, 108, 45, 0, 0, 0, 0, 0, 9694, 193888),
(27, 'АИО Водий Бешкент', 2090, 'к-л БМК', 'Хаз.м3', 0, 0, 0, 0, 6, 23, 66, 230, 630, 890, 797, 1033, 1429, 995, 892, 967, 958, 890, 911, 981, 880, 729, 629, 973, 1233, 792, 725, 1129, 706, 707, 241, 5, 6, 0, 0, 0, 14264, 285280),
(28, 'АИО Чашма', 1102, 'к-л Чашма', 'Хаз.м3', 0, 0, 0, 0, 1, 2, 78, 207, 400, 338, 284, 535, 773, 659, 653, 705, 702, 687, 700, 789, 803, 737, 581, 505, 613, 249, 183, 271, 128, 177, 84, 3, 4, 0, 0, 0, 8484, 169684),
(29, 'АИО Корвон', 1321, 'к-л БМК', 'Хаз.м3', 0, 0, 0, 0, 5, 20, 83, 253, 501, 434, 307, 598, 895, 768, 798, 863, 868, 833, 879, 976, 983, 867, 695, 663, 729, 363, 226, 327, 181, 215, 85, 0, 1, 0, 0, 0, 10423, 208465),
(30, 'Чамъ.н.Н-Хусрав', 7155, '', 'Хаз.м3', 0, 0, 0, 0, 16, 64, 378, 1100, 2440, 2564, 2048, 3296, 4909, 3940, 3894, 4230, 4227, 4004, 4130, 4552, 4417, 3860, 3123, 3342, 3825, 1949, 1437, 2342, 1315, 1511, 603, 9, 12, 0, 0, 0, 52266, 1045325),
(31, 'ЧАМЪ. АИО', 34518, '', 'Хаз.м3', 0, 0, 0, 0, 80, 322, 1448, 6069, 12271, 11871, 8726, 15329, 23606, 19954, 20429, 21860, 22031, 20813, 22187, 24355, 24375, 20979, 17415, 18347, 21266, 11983, 8374, 10966, 6649, 6864, 2409, 69, 86, 0, 0, 0, 274499, 5489986);

-- --------------------------------------------------------

--
-- Структура таблицы `excel_avp_shahob`
--

CREATE TABLE `excel_avp_shahob` (
  `id` int(11) NOT NULL,
  `name_farm` varchar(64) NOT NULL,
  `fio` varchar(64) NOT NULL,
  `corn` double NOT NULL,
  `cotton` double NOT NULL,
  `vegetable` double NOT NULL,
  `gourds` double NOT NULL,
  `potatoes` double NOT NULL,
  `grass` double NOT NULL,
  `crops` double NOT NULL,
  `clover` double NOT NULL,
  `gardens` double NOT NULL,
  `crop1` double NOT NULL,
  `crop2` double NOT NULL,
  `silo` double NOT NULL,
  `sum` double NOT NULL,
  `volumeofwater` double NOT NULL,
  `somoni` int(11) NOT NULL
) ENGINE=InnoDB DEFAULT CHARSET=utf8;

--
-- Дамп данных таблицы `excel_avp_shahob`
--

INSERT INTO `excel_avp_shahob` (`id`, `name_farm`, `fio`, `corn`, `cotton`, `vegetable`, `gourds`, `potatoes`, `grass`, `crops`, `clover`, `gardens`, `crop1`, `crop2`, `silo`, `sum`, `volumeofwater`, `somoni`) VALUES
(1, 'А.Бозоров', 'Бозорова Дилбар', 2.5, 7.81, 0, 0.2, 0.2, 0, 0.1, 0, 0.6, 0.1, 0.1, 2.9, 11.51, 104.68, 41872),
(2, 'А.Тураев', 'Тураева Тошгул', 0.28, 0, 0, 0, 0, 0, 0, 0, 0, 0, 0, 0.28, 0.28, 1.6, 32),
(3, 'Абдуворис', 'Зайниддинов Идрис', 0.4, 1.3, 0, 0, 0, 0, 0, 0, 0, 0.3, 0, 0.7, 2, 19.03, 381),
(4, 'Абдулло', 'Эгамбердиева Шарофат', 0.5, 0.3, 0, 0, 0, 0, 0, 0, 0, 0, 0, 0.5, 0.8, 5.85, 117),
(5, 'Абдулло-1', 'Мирзоев Абдулхофиз', 0, 1.5, 0, 0, 0, 0, 0, 0, 0, 0.5, 0, 0.5, 2, 21.25, 425),
(6, 'Абдуолим', 'Мадиев Оятулло', 0, 1.2, 0, 0, 0, 0, 0.2, 0, 0, 0.6, 0, 0.6, 2, 22, 440),
(7, 'Абдурашид Холназар', 'Назаров Анвар', 1, 1, 0, 0, 0, 0, 0, 0, 0, 0, 0, 1, 2, 15.7, 314),
(8, 'Абдусамад', 'Хайдаров Абдусамад', 1, 0, 0, 1, 0, 0, 0, 0, 0, 0, 0, 2, 2, 14.2, 284),
(9, 'Абдутолиб', 'Сангинов Имомали', 0.52, 2, 0, 0, 0, 0, 0, 0, 0, 0, 0, 0.52, 2.52, 22.96, 459),
(10, 'Аброр', 'Эгамбердиев Шукур', 0, 0.75, 0, 0, 0, 0, 0, 0, 0, 0, 0, 0, 0.75, 7.5, 150),
(11, 'Аброрбек', 'Чуманов Ориф', 1.63, 4, 0.15, 0, 0.15, 0, 0, 0, 0, 0, 0, 1.93, 5.93, 53.12, 1062),
(12, 'Абубакр-2013', 'Муродов Мурод', 1, 0, 0, 0.98, 0, 0, 0, 0, 0, 0, 0, 1, 1.98, 10.6, 212),
(13, 'Абубакр-2016', 'Муминов Баходир', 0.5, 1, 0, 0, 0, 0, 0, 0, 0, 0, 0.5, 0, 1.5, 15, 300),
(14, 'Адхамбек', 'Шоимов Аллимардон', 1.16, 2.5, 0, 0, 0, 0, 0, 0, 0, 0, 0.2, 0.96, 3.66, 32.47, 649),
(15, 'Азизбек', 'Курбонова  З', 0.15, 1.25, 0, 0, 0.1, 0, 0, 0, 0, 0, 0, 0.25, 1.5, 14.36, 287),
(16, 'Ака Холмурод', 'Хаитов Нуриддин', 0.5, 2, 0, 0, 0, 0, 0, 0, 0, 0.5, 0, 1, 3, 29.1, 582),
(17, 'Акаи Боймурод', 'Турамуродов Хикматали', 1, 3.5, 0, 0, 0, 0, 0, 0, 1, 0, 0, 1, 5.5, 50.2, 1004),
(18, 'Акаи Маматмурод', 'Назирова Насиба', 0.4, 0.6, 0, 0.08, 0, 0, 0.1, 0, 0, 0, 0, 0.48, 1.18, 10.21, 204),
(19, 'Акаи Хамрокул', 'Эшонкулова Холбигим', 0, 2, 0, 0, 0, 0, 0, 0, 0, 0, 0, 0, 2, 20, 400),
(20, 'Акаи Чумма', 'Юлдошов Хайдар', 2.22, 2.5, 0, 0, 0.1, 0, 0, 0, 1.34, 0, 0, 2.32, 6.16, 51.38, 1028),
(21, 'Акаи Шухрат', 'Акиева Шарофат', 1.2, 4.07, 0, 0, 0, 0, 0, 0, 0, 0, 0, 1.2, 5.27, 47.54, 951),
(22, 'Акрам', 'Тураева Зухро', 0.2, 0.4, 0, 0, 0, 0, 0, 0, 0, 0, 0, 0.2, 0.6, 5.14, 103),
(23, 'Ал Барака', 'Давлатова Хадича', 0, 0, 0, 0, 0, 0, 0, 0, 0.95, 0, 0, 0, 0.95, 9.03, 181),
(24, 'Алиевхо', 'Алиев Абдугани', 0.25, 2, 0, 0, 0, 0, 0, 0, 0, 0.25, 0, 0.5, 2.5, 24.55, 491),
(25, 'Алишер Номозов', 'Номозова Хосият', 0.5, 1.33, 0, 0, 0, 0, 0, 0, 0, 0, 0, 0.5, 1.83, 16.15, 323),
(26, 'Амон', 'Хатамов Комил', 1, 2.7, 0, 0, 0, 0, 0, 0, 0, 0.2, 0.51, 1.71, 3.9, 40.96, 819),
(27, 'Анварчон', 'Мамашоев А', 1, 1.2, 0, 0.2, 0, 0, 0.2, 0.2, 0, 0.4, 1, 0, 3, 36.5, 730),
(28, 'Аниса', 'Мамадиев Отабек', 1.47, 2, 0, 0, 0, 0, 0, 0, 0, 0, 0, 1.47, 3.47, 28.38, 568),
(29, 'Апаи Гулбахор', 'Утаева Гулбахор', 0.9, 0, 0, 0, 0, 0, 0.15, 0, 0.8, 0, 0, 0.9, 1.85, 14.61, 292),
(30, 'Апаи Гулнор', 'Утаева Гулинор', 0, 0, 0, 0, 0, 0, 0, 0, 0.56, 0, 0, 0, 0.56, 5.32, 106),
(31, 'Апаи Рухсат', 'Турдиев Али', 0.3, 1.2, 0.2, 0, 0.1, 0, 0.3, 0, 0, 0, 0, 0.8, 2.1, 22.26, 445),
(32, 'Асатулло', 'Кобилова Мукаддас', 0, 0.5, 0, 0, 0, 0, 0, 0, 0, 0, 0, 0, 0.5, 5, 100),
(33, 'Ашураличон', 'Махмудов Ё', 2, 4, 0, 0, 0, 0, 0, 0, 0, 0, 0, 2, 6, 51.4, 1028),
(34, 'Барногул', 'Тураева Барногул', 1.05, 0.35, 0, 0, 0, 0, 0, 0, 0, 0, 0, 1.05, 1.4, 9.49, 190),
(35, 'Бахриниссо', 'Чумаев Начмиддин', 1.5, 1.43, 0, 0, 0, 0, 0, 0, 0, 0, 0, 1.5, 2.93, 22.85, 457),
(36, 'Бахтинур', 'Чураева Гулбахор', 0.2, 0.5, 0, 0, 0, 0, 0.16, 0, 0, 0, 0.1, 0.1, 0.86, 8.57, 171),
(37, 'Бекзод', 'Мамарозиева Б', 0.28, 0, 0, 0, 0, 0, 0, 0, 0, 0, 0, 0.28, 0.28, 1.6, 32),
(38, 'Бердибобо', 'Алимуротов Болта', 0, 0, 0, 0, 0, 0, 0, 0, 2.5, 0, 0, 0, 2.5, 23.75, 475),
(39, 'Бердикул', 'Бердикулов.Н', 0.4, 1.8, 0, 0, 0, 0, 0, 0, 0, 0, 0, 0.4, 2.2, 20.28, 406),
(40, 'Бибигул', 'Холматова Сафаргул', 0.2, 0.56, 0, 0, 0, 0, 0.1, 0, 0, 0, 0, 0.2, 0.86, 7.99, 160),
(41, 'Бибиойша', 'Давлатова Тагойгул', 2, 1.92, 0, 0, 0.2, 0, 0, 0, 0, 0, 0.2, 2, 4.12, 33.46, 669),
(42, 'Бибирай-2017', 'Аликулова Бибирай', 0.2, 0, 0, 0, 0, 0, 0.09, 0, 0, 0, 0, 0.2, 0.29, 2.27, 45),
(43, 'Бобо Хочиюлдош', 'Хасанов Хуррам', 0.8, 2, 0, 0, 0, 0.36, 0, 0, 0, 0, 0, 2.16, 3.16, 31.3, 626),
(44, 'Бобои Аскар', 'Тиллоева Зебиниссо', 1.2, 9.97, 0, 0, 0, 0, 0, 0, 0.3, 0, 0, 1.2, 11.47, 109.39, 2188),
(45, 'Бобои Ахад', 'Бойхонов Акмал', 0.1, 2.06, 0, 0, 0, 0, 0, 0, 1.08, 0, 0, 0.1, 3.24, 31.43, 629),
(46, 'Бобои Аъзим', 'Каримова Бибихол', 1.1, 2, 0, 0, 0.08, 0, 0, 0, 0.78, 0, 0, 1.18, 3.96, 34.48, 690),
(47, 'Бобои Бегим', 'Арзиев Алмардон', 0.3, 2.5, 0, 0.3, 0, 0, 0, 0, 0.5, 0, 0, 0.3, 3.6, 32.96, 659),
(48, 'Бобои Бойхон', 'Бойхонова Зумрат', 0.5, 0, 0, 0, 0, 0, 0, 0, 1, 0, 0, 0.5, 1.5, 12.35, 247),
(49, 'Бобои Бури', 'Мамарозиев У', 0.5, 0.4, 0, 0, 0, 0, 0.2, 0, 0, 0, 0, 0.5, 1.1, 9.35, 187),
(50, 'Бобои Бурон', 'Ашуров Ялгаш', 3.5, 9.74, 0.2, 0, 0, 0, 0, 0, 0, 0, 1.85, 1.85, 13.44, 128.41, 2568),
(51, 'Бобои Ганичон', 'Рахмонкулов Азиз', 2, 5, 0, 0.7, 0, 0, 0, 0, 0, 0, 0, 2, 7.7, 64.9, 1298),
(52, 'Бобои Гариф', 'Фатхуллоев Абумуслим', 1.5, 1.5, 0, 0, 0, 0, 0, 0, 1, 0, 0, 1.5, 4, 33.05, 661),
(53, 'Бобои Ислом', 'Тошов Ислом', 0.47, 0.5, 0, 0.13, 0, 0.3, 0, 0, 0, 0, 0, 0.6, 1.4, 10.43, 209),
(54, 'Бобои Кандибой', 'Шарипов Саймурод', 2, 5, 0, 2.44, 0, 5, 0, 0, 0, 0, 0, 2, 14.44, 101.1, 2022),
(55, 'Бобои Килич', 'Киличов Х', 2.34, 2, 0.3, 0, 0, 0, 0, 0, 0, 0.1, 0, 2.64, 4.74, 38.89, 778),
(56, 'Бобои Курбон', 'Курбонов Отабек', 0.78, 0, 0, 0, 0, 0, 0, 0, 0.76, 0, 0, 0.78, 1.54, 11.67, 233),
(57, 'Бобои Мамади', 'Холматов Муротали', 0.5, 2, 0, 0, 0, 0.3, 0, 0, 0, 0, 0, 0.5, 2.8, 24.5, 490),
(58, 'Бобои Мамасоли', 'Курбонов Бахром', 0, 0, 0, 0, 0, 0, 0, 0, 1.35, 0, 0, 0, 1.35, 12.83, 257),
(59, 'Бобои Назар', 'Назарова  Н', 2.12, 1.97, 0, 0.7, 0, 0, 0.15, 0, 0, 0, 0, 2.12, 4.94, 37.16, 743),
(60, 'Бобои Назар', 'Назаров  Равшан', 0.9, 2.1, 0, 0, 0, 0, 0, 0, 2.3, 0, 0, 0, 5.3, 44.83, 897),
(61, 'Бобои Намоз', 'Анзиратов Парда', 0.9, 2.8, 0, 0, 0, 0, 0.3, 0, 0, 0, 0, 0.9, 4, 36.88, 738),
(62, 'Бобои Нормурод', 'Чориев Махмуд', 11.4, 19, 0, 4.6, 0, 0, 0, 0, 0, 0, 0, 11.4, 35, 277.98, 5560),
(63, 'Бобои Нурали', 'Гуломов Уктам', 0, 0, 0, 0, 0, 0, 0, 0, 1.7, 0, 0, 0, 1.7, 16.15, 323),
(64, 'Бобои Одил', 'Одилова Ойим', 0.5, 1.5, 0, 0, 0, 0, 0, 0, 0, 0, 0, 0.5, 2, 17.85, 357),
(65, 'Бобои Олим', 'Хучаахроров Мади', 0.5, 1.5, 0, 0, 0, 0, 0, 0, 0, 0, 0, 0.5, 2, 17.85, 357),
(66, 'Бобои Очилди', 'Салимова Рафоат', 0, 0, 0, 0, 0, 0, 0, 0, 1.7, 0, 0, 0, 1.7, 16.15, 323),
(67, 'Бобои Пирназар-1', 'Юсупоф Рахмон', 0, 0, 0, 0, 0, 0, 0, 0, 1.25, 0, 0, 0, 1.25, 11.88, 238),
(68, 'Бобои Рахматшо', 'Чумаев У', 2, 1, 0, 0, 0, 1, 0, 0, 0, 0, 0, 2, 4, 26.9, 538),
(69, 'Бобои Рачаб', 'Норова Ойимнур', 0.55, 0.55, 0, 0, 0, 0, 0.1, 0, 0, 0, 0, 0.55, 1.2, 9.89, 198),
(70, 'Бобои Сангин', 'Сангинова Гулбахор', 7, 20.1, 2.7, 1, 0.2, 0, 3, 0, 0, 0, 2, 8.9, 34, 339.35, 6787),
(71, 'Бобои Сафар', 'Усмонов Шомурод', 1.19, 2, 0, 1, 0, 0, 1.74, 0, 1, 0, 0, 1.19, 6.93, 63.03, 1261),
(72, 'Бобои Сафар-2017', 'Чураев Сафар', 0.62, 1.3, 0.1, 0, 0.2, 0, 0.18, 0, 0, 0.1, 0, 1.02, 2.5, 23.58, 472),
(73, 'Бобои Темур', 'Юлдошов Рустам', 0.5, 0, 0, 0, 0, 0.3, 0, 0, 0.5, 0, 0, 0.5, 1.3, 9.25, 185),
(74, 'Бобои Турдибой', 'Химматов Уткир', 0, 0, 0, 0, 0, 0, 0, 0, 1, 0, 0, 0, 1, 9.5, 190),
(75, 'Бобои Туркманкул', 'Туркманкулов О', 2.55, 2.5, 0, 0, 0.1, 0.33, 0, 0, 1, 0.23, 0, 2.53, 6.71, 53.5, 1070),
(76, 'Бобои Хазраткул', 'Хайдаров Умар', 0, 0, 0, 0, 0, 0, 0, 0, 3.78, 0, 0, 0, 3.78, 35.91, 718),
(77, 'Бобои Хасан', 'Тиллаев Ч', 0.6, 1, 0, 0, 0, 0, 0, 0, 0, 0, 0, 0.6, 1.6, 13.42, 268),
(78, 'Бобои Хомид', 'Эсанов Шайдулло', 1.6, 6, 0, 0, 0, 0, 0.3, 0, 0.1, 0, 0, 1.6, 8, 73.82, 1476),
(79, 'Бобои Худойназар', 'Хазраткулов Бахтиёр', 0, 0, 0, 0, 0, 0, 0.73, 0, 0, 0, 0, 0, 0.73, 9.13, 183),
(80, 'Бобои Хуррам', 'Саидов Илхомчон', 0, 1.95, 0, 0, 0, 0, 0, 0, 0, 0, 0, 0, 1.95, 19.5, 390),
(81, 'Бобои Чупон', 'Мирзоев Шамсиддин', 0.15, 0.3, 0, 0.35, 0, 0, 0.2, 0, 0, 0, 0, 0.5, 1, 9.33, 187),
(82, 'Бобои Чура', 'Маматмуродов Шодмон', 0.5, 0.8, 0.3, 0, 0.1, 0, 0.3, 0, 0.4, 0, 0, 0.9, 2.4, 24.05, 481),
(83, 'Бобои Чурабой', 'Гулаев Бахром', 0.6, 2, 0, 0.3, 0, 0, 0, 0, 1.12, 0, 0, 0.6, 4.02, 35.56, 711),
(84, 'Бобои Шоим', 'Шоимов Чура', 0.3, 1.2, 0, 0.35, 0, 0, 0.3, 0, 0, 0.3, 0, 0.95, 2.45, 24.19, 484),
(85, 'Бобои Эргаш', 'Холмуратова Кундуз', 2, 0.8, 0, 0, 0, 0, 0, 0, 1, 0, 0, 2, 3.8, 28.9, 578),
(86, 'Бобои Эшмурод', 'Бобоназарова Анорхол', 0.48, 1, 0, 0, 0, 0, 0.2, 0, 0, 0, 0, 0.68, 1.68, 15.94, 319),
(87, 'Бобохони Рахмон', 'Чахонгиров Ш', 0.85, 3.35, 0, 1.33, 0, 0, 0, 0, 0, 0, 0, 0.85, 5.53, 45, 900),
(88, 'Бобочон', 'Амонов Шерали', 0.35, 0.5, 0.23, 0, 0.1, 0, 0, 0, 0.5, 0, 0, 0.45, 1.68, 15.51, 310),
(89, 'Богбон', 'Чориев Абдурашид', 0.5, 1.5, 0, 0, 0, 0, 1, 0, 1.4, 0, 0, 0.5, 4.4, 43.65, 873),
(90, 'Бозорой', 'Холбозоров Абдусамад', 0, 0, 0, 0, 0, 0, 0, 0, 2, 0, 0, 0, 2, 19, 380),
(91, 'Бойхон', 'Бойхонов Бахтиёр', 0.6, 0, 0, 1.4, 0, 0, 2.2, 0, 0, 0, 0, 0.6, 4.2, 37.92, 758),
(92, 'Бурибой', 'Холмуродов Бобохон', 0.5, 1.35, 0, 0, 0, 0, 0, 0, 0, 0, 0, 0.5, 1.85, 16.35, 327),
(93, 'Бустон', 'Бердиев  Т', 0, 0, 0, 0, 0, 0, 0, 0, 5.3, 0, 0, 0, 5.3, 50.35, 1007),
(94, 'Валихон', 'Тураев Валихон', 0.3, 2.5, 0.2, 0, 0, 0, 0, 0, 0, 0, 0, 0.3, 3, 29.11, 582),
(95, 'Васила', 'Бокабилов Анвар', 1.08, 2, 0, 0, 0, 0, 0, 0, 0, 0, 0, 1.08, 3.08, 26.16, 523),
(96, 'Гайратбек', 'Лакаева Ш', 0, 1.6, 0, 0, 0, 0, 0.4, 0, 0.28, 0, 0, 0, 2.28, 23.66, 473),
(97, 'Гуломбобо', 'Гуломов Хайбулло', 0, 0, 0, 0, 0, 0, 0, 0, 1.45, 0, 0, 0, 1.45, 13.78, 276),
(98, 'Гулсанам', 'Хайтмуродов Б', 1.02, 0.7, 0.1, 0, 0, 0, 0, 0, 1, 0, 0, 1.12, 2.82, 23.86, 477),
(99, 'Гулчехра', 'Хайдарова Ибодулло', 0.2, 0, 0.3, 0, 0.4, 0, 0.26, 0, 0, 0, 0, 0.9, 1.16, 13.04, 261),
(100, 'Даврон-2017', 'Хайдаров Даврон', 0.3, 0.51, 0, 0, 0, 0, 0, 0.2, 0, 0.1, 0, 0.2, 0.91, 14.76, 295),
(101, 'Диёрбек', 'Сафаров Пирназар', 1, 2, 0, 0.81, 0, 0, 0, 0, 0, 0, 0, 1, 3.81, 29.75, 595),
(102, 'Дойи Ахмад', 'Ахмедов Мухмад', 0, 0, 0, 0, 0, 0, 0, 0, 0.5, 0, 0, 0, 0.5, 4.75, 95),
(103, 'Дониёр', 'Абдурахмонова Саодат', 1.4, 0, 0, 0, 0, 0, 0, 0, 0.5, 0, 0, 1.4, 1.9, 12.73, 255),
(104, 'Достон', 'Чуммаева Улбош', 0.4, 1.1, 0, 0, 0.05, 0, 0, 0, 0.05, 0, 0, 0.45, 1.6, 14.26, 285),
(105, 'Зайналобиддин', 'Рахмонкулов Йигитали', 1, 3, 0, 0, 0, 0, 0, 0, 0, 0, 0, 1, 4, 35.7, 714),
(106, 'Зайнулло', 'Хусайнов Хайрулло', 1, 0, 0, 0, 0, 0, 0, 0, 0.7, 0, 0, 1, 1.7, 12.35, 247),
(107, 'Зарифи', 'Алмуродов Хуррам', 11.5, 13, 0, 3, 0.5, 0, 4, 0, 1, 1, 0, 11.5, 34, 282.3, 5646),
(108, 'Заробиддин', 'Такибов Аманулло', 0.5, 2, 0, 0, 0.1, 0, 0, 0, 0, 0.4, 0, 1, 3, 28.85, 577),
(109, 'Зафар', 'Чурадодов Зафар', 1, 2, 0, 0, 0, 0.5, 0.5, 0, 0, 0.75, 0, 0, 4.75, 37.95, 759),
(110, 'Захро', 'Махрамов Улугбек', 0.86, 0.8, 0, 0, 0.5, 0, 0, 0, 0, 0, 0, 0.91, 2.16, 16.33, 327),
(111, 'Зилола', 'Чураева Гулсара', 1, 3.38, 0, 0.22, 0, 0.48, 0.21, 0, 0, 0, 0, 1.48, 5.29, 47.55, 951),
(112, 'Зиннатой', 'Гураев Сирочиддин', 1, 0.3, 0, 0.3, 0, 0, 0.4, 0, 0, 0, 0, 1, 2, 15.2, 304),
(113, 'Зохидчон', 'Бойхонов Сайдулло', 1.5, 0, 0, 0, 0.05, 0, 1.07, 0, 0, 0, 0, 1.5, 2.62, 22.25, 445),
(114, 'Зулфин', 'Холмуротов Баходур', 0.7, 1.15, 0, 0, 0, 0, 0, 0, 0, 0, 0, 0.7, 1.85, 15.49, 310),
(115, 'Зулхумор', 'Кобилов Шаймардон', 0.75, 0, 0, 0, 0, 0, 0, 0, 0, 0, 0, 0.75, 0.75, 4.28, 86),
(116, 'Зулхумор', 'Турамуродов  Б', 0.2, 0.31, 0, 0, 0, 0, 0, 0, 0, 0, 0, 0.2, 0.51, 4.24, 85),
(117, 'Зумрат', 'Эгамбердиева Зумрат', 1.5, 4, 0, 0, 0, 0, 0, 0, 0, 0, 0, 1.5, 5.5, 48.55, 971),
(118, 'Зухуршо', 'Саидов Солих', 1.5, 3.5, 0, 0, 0, 0, 0, 0, 0, 0, 0, 1.5, 5, 43.55, 871),
(119, 'Иброгим Раис', 'Рачабов Зокир', 0.8, 2, 0, 0, 0, 0, 0.2, 0.2, 0, 0, 0, 0.6, 3, 33.76, 675),
(120, 'Иброгимбек', 'Махмадова Гулноз', 0.5, 2, 0, 0, 0.2, 0, 0.2, 0.4, 0.38, 0, 0, 0.5, 3.28, 45.06, 901),
(121, 'Идибек', 'Курбонов Чура', 0.9, 1.2, 0, 0, 0, 0, 0, 0, 1, 0, 0, 0.9, 3.1, 26.63, 533),
(122, 'Интизор', 'Каримов Шомурод', 0.34, 1.1, 0, 0, 0, 0, 0, 0, 0, 0, 0, 0, 1.44, 11.75, 235),
(123, 'Ислом Норматов', 'Бойхонов Ислом', 1, 1, 0, 0.32, 0, 0, 0, 0, 0, 0, 0, 1, 2.32, 17.3, 346),
(124, 'Исломбобо', 'Исломов Мамашариф', 1.2, 3, 0, 0, 0.45, 0.2, 0, 0, 0.6, 0.2, 0, 1.85, 5.65, 50.64, 1013),
(125, 'Исломиддин', 'Бобоназарова Шодигул', 0.7, 1.6, 0, 0.1, 0, 0, 0, 0, 0, 0.3, 0, 1.1, 2.7, 24.59, 492),
(126, 'Исмати Чалил', 'Саидов Чалил', 0.2, 0.8, 0, 0, 0, 0, 0, 0, 0, 0, 0, 0.2, 1, 9.14, 183),
(127, 'Исобобо', 'Шоимова Гулсивар', 0.7, 2, 0, 0.1, 0.1, 0, 0.1, 0, 0, 0, 0.1, 0.8, 3, 27.52, 550),
(128, 'Кабутар', 'Ашуров Нозир', 2, 2.5, 0, 0, 0, 0, 0, 0.6, 0, 0, 0, 1.4, 4.5, 56.5, 1130),
(129, 'Каримбобо', 'Назиров Раимчон', 0.4, 0.3, 0, 0, 0, 0, 0, 0, 0, 0, 0, 0.4, 0.7, 5.28, 106),
(130, 'Карими Хучамурод', 'Каримов Х', 0.8, 2.31, 0, 0, 0.05, 0, 0.15, 0, 0, 0.15, 0, 1, 3.46, 31.91, 638),
(131, 'Комронбек', 'Эгамбердиева Малика', 0, 0, 0, 0, 0, 0, 0, 0, 1.5, 0, 0, 0, 1.5, 14.25, 285),
(132, 'Комронбек', 'Абилова Улдона', 0.23, 0.75, 0, 0, 0, 0, 0, 0, 0, 0, 0, 0.23, 0.98, 8.81, 176),
(133, 'Косимчон', 'Муминова Максуда', 0.7, 0.7, 0, 0, 0, 0, 0.6, 0, 0, 0, 0, 0.7, 2, 18.49, 370),
(134, 'Кузибобо', 'Холмуродов Худойназар', 0.1, 0, 0, 0, 0.1, 0, 0.9, 0, 0, 0, 0, 0.2, 1.1, 12.82, 256),
(135, 'Курбонгул', 'Юлдошова Курбонгул', 0, 0.8, 0, 0, 0, 0, 0, 0, 0, 0.32, 0, 0.32, 1.12, 12, 240),
(136, 'Латофат', 'Тураев Олим', 0.85, 0, 0, 0, 0, 0, 0, 0, 0.6, 0, 0, 0.85, 1.45, 10.55, 211),
(137, 'Лочин', 'Бегимов Даврон', 1, 1.8, 0, 0.1, 0, 0, 0, 0, 0.5, 0.1, 0, 0, 3.5, 26.35, 527),
(138, 'М.Билол', 'Муродова Рисолат', 0.22, 0.22, 0, 0, 0, 0, 0.12, 0.1, 0, 0, 0, 0.19, 0.56, 8.55, 171),
(139, 'Мавчуда', 'Назаров Чура', 0.75, 1.35, 0, 0, 0, 0, 0, 0, 0, 0, 0, 0.75, 2.1, 17.78, 356),
(140, 'Мададбобо', 'Эргашов  Умарали', 1.75, 0, 4, 0, 0, 0, 0, 0, 0, 0, 0, 1.75, 5.75, 57.98, 1160),
(141, 'Мадаминчон', 'Холназарова Мунавара', 3.45, 2, 0, 0, 0, 0, 0, 0, 0, 0, 0, 3.45, 5.45, 39.67, 793),
(142, 'Максуда', 'Бобогулов Чура', 3, 4.15, 0, 0, 0, 0, 3, 0, 0, 0, 0, 0, 10.15, 85.6, 1712),
(143, 'Малла Ака', 'Курбонова Мукаддас', 0.5, 1, 0, 0.1, 0.08, 0, 0, 0, 0, 0, 0, 0.68, 1.68, 14.5, 290),
(144, 'Мамади Бобо', 'Тураев Исомиддин', 1.22, 0.6, 0, 0.5, 0, 0, 0, 0, 0, 0, 0, 1.22, 2.32, 15.45, 309),
(145, 'Мамадюсуф', 'Чумаева Саломад', 0.4, 1.2, 0, 0, 0, 0, 0.2, 0, 0, 0.2, 0, 0.6, 2, 19.28, 386),
(146, 'Мамашариф', 'Муминов Мамашариф', 0.21, 0.3, 0.5, 0, 0, 0, 0, 0, 0, 0, 0, 0.21, 1.01, 10.2, 204),
(147, 'Мамаюсуф', 'Абдурахмонова Тахмина', 1.5, 5, 0, 0, 0.2, 0, 0, 0, 0, 1.3, 0, 2, 8, 73.3, 1466),
(148, 'Манича', 'Мамарозиев А', 0.4, 0, 0, 0, 0, 0, 0, 0, 0, 0, 0, 0.4, 0.4, 2.28, 46),
(149, 'Мария', 'Холматов Аслиддин', 0.35, 1.4, 0, 0, 0, 0, 0.3, 0, 0, 0, 0, 0.35, 2.05, 19.75, 395),
(150, 'Мархобо', 'Кулназарова Гулнор', 0.2, 0.43, 0, 0, 0, 0, 0, 0, 0, 0, 0, 0.2, 0.63, 5.44, 109),
(151, 'Махмуд', 'Аликулов Фарход', 0.38, 0, 0, 0, 0, 0, 0, 0, 0, 0, 0, 0.38, 0.38, 2.17, 43),
(152, 'Махмудбек', 'Курбонов Имомназар', 1, 1.5, 0, 1, 0, 0, 0, 0, 0, 0, 0, 1, 3.5, 25.7, 514),
(153, 'Махтоб', 'Эргашов  Умарали', 4, 5, 0.2, 4.2, 0, 0.5, 0, 1.5, 0, 1.9, 0, 5.4, 15.8, 176.45, 3529),
(154, 'Машхур', 'Мамадиев Элмурод', 0.2, 0.65, 0, 0.07, 0, 0, 0.2, 0, 0, 0, 0.07, 0.27, 1.12, 11.28, 226),
(155, 'Маъмурой', 'Эргашова М', 1, 0, 0, 0, 0, 0, 0, 0, 1, 0, 0, 1, 2, 15.2, 304),
(156, 'Менглибобо', 'Бойхонов Рахмон', 0, 0, 0, 0, 0, 0, 0, 0, 1.7, 0, 0, 0, 1.7, 16.15, 323),
(157, 'Менгнорбобо', 'Фозилов Аскар', 0.9, 1.6, 0.13, 0, 0, 0, 0.25, 0, 0, 0, 0, 1.03, 2.88, 26.27, 525),
(158, 'Мехнат-Рохат', 'Каримов Мамарачаб', 8, 6, 0, 0, 0, 0, 0, 0, 1.5, 0, 0, 8, 15.5, 119.85, 2397),
(159, 'Мехроч', 'Хаитов Эшмат', 0.15, 0, 0.3, 0, 0.36, 0, 0, 0, 0, 0, 0, 0.81, 0.81, 9.11, 182),
(160, 'Мирзо Азиз', 'Искандаров Мирзохуча', 1.2, 1, 0, 0, 0, 0, 0, 0, 0, 0.3, 0, 1.5, 2.5, 20.59, 412),
(161, 'МММ', 'Бобогулов Н', 3, 0, 0, 0, 0, 0, 0, 0, 0, 0, 0, 2.38, 3, 14.93, 299),
(162, 'Мукаррам', 'Ашурова Мукаррам', 0.25, 0.4, 0, 0, 0, 0, 0, 0, 0, 0.15, 0, 0.4, 0.8, 7.3, 146),
(163, 'Мулло Хайтмурод', 'Хасанов Б', 0.5, 1, 0, 0, 0, 0, 0, 0, 0, 0, 0, 0.5, 1.5, 12.85, 257),
(164, 'Муродбек', 'Назаров М', 6, 8, 0, 4, 0, 2, 0, 0, 2, 0, 0, 6, 22, 164.2, 3284),
(165, 'Муртозабобо', 'Астанакулова Титугул', 0, 0, 0, 0, 0, 0, 0, 0, 0.92, 0, 0, 0, 0.92, 8.74, 175),
(166, 'Мустафо', 'Астанакулов Раим', 1.29, 1.5, 0, 0, 0, 0, 0, 0, 0, 0, 0, 1.29, 2.79, 22.35, 447),
(167, 'Мусурмон', 'Муминов Мусурмон', 0.46, 0, 0, 0, 0, 0, 0, 0, 0, 0, 0, 0.46, 0.46, 2.62, 52),
(168, 'Мусурмонкул', 'Саидов Мусурмонкул', 0.2, 0.8, 0, 0, 0, 0, 0, 0, 0, 0, 0, 0.2, 1, 9.14, 183),
(169, 'Мухайё', 'Эгамбердиева Гулистон', 0.26, 0.3, 0, 0, 0, 0, 0, 0, 0, 0, 0, 0.26, 0.56, 4.48, 90),
(170, 'Мухаммад Амин', 'Назиров Чалол', 1.75, 1.5, 0, 0, 0.1, 0, 0, 0, 0.65, 0, 0, 1.75, 4, 31.8, 636),
(171, 'Мухриддин-2015', 'Рахмонкулова Наргиза', 1.5, 2, 0, 0, 0, 0, 0, 0, 0, 0, 0, 1.5, 3.5, 28.55, 571),
(172, 'Наби', 'Гулматов Бобомурод', 0.3, 0.7, 0, 0, 0, 0, 0, 0, 0, 0.12, 0, 0.42, 1.12, 10.21, 204),
(173, 'Назар', 'Фатхуллоев Назар', 0, 1, 0, 0.1, 0, 0.6, 0.3, 0, 0, 0, 0, 0.7, 2, 20, 400),
(174, 'Назарбек', 'Норматова Озода', 0.62, 0, 0, 0, 0, 0, 0, 0, 0.5, 0, 0, 0.62, 1.12, 8.28, 166),
(175, 'Насриддин', 'Эшмуминов  М', 1, 1.59, 0, 0, 0, 0, 1, 0, 2, 0, 0, 1, 5.59, 53.1, 1062),
(176, 'Неъматулло', 'Караев Рамат', 0.3, 1.4, 0, 0, 0, 0, 0.3, 0, 0, 0, 0, 0.3, 2, 19.46, 389),
(177, 'Нодира', 'Норбутаев Холик', 0.3, 1.2, 0.1, 0.06, 0, 0, 0.05, 0, 0, 0, 0, 0.46, 1.71, 16.4, 328),
(178, 'Нозанин', 'Хаймова Холмома', 0, 1, 0, 0.45, 0, 0, 0, 0, 0, 0, 0, 0, 1.45, 12.25, 245),
(179, 'Норкулбобо', 'Муродов Музаффар', 0.15, 0.3, 0, 0, 0, 0, 0, 0, 0, 0, 0, 0.15, 0.45, 3.86, 77),
(180, 'Нормумин-2016', 'Фозилова Дилноза', 1, 2.53, 0, 0, 0, 0, 0, 0, 0, 0, 0, 1, 3.53, 31, 620),
(181, 'Нурбону', 'Мунавваров Р', 1, 6.51, 0, 0, 0, 0, 0, 0, 1, 0, 0, 1, 8.51, 80.3, 1606),
(182, 'Нурмухаммад', 'Мамадиева Азиза', 1, 2.45, 0, 0, 0, 0, 0, 0, 2.1, 0, 0.5, 0, 5.55, 50.55, 1011),
(183, 'Огабекчон', 'Аъзимов  Умед', 0.4, 1.63, 0.2, 0, 0, 0, 0, 0, 2.63, 0, 0, 0.6, 4.86, 46.67, 933),
(184, 'Одилбек', 'Рачабова Шарофат', 0.4, 1, 0, 0, 0, 0, 0.2, 0.4, 0, 0, 0, 0, 1.6, 28.18, 564),
(185, 'Ойбахор', 'Чумаева Хосият', 3, 5, 0, 5, 0, 3, 0, 0, 2, 0, 0, 3, 18, 127.6, 2552),
(186, 'Ойимнур', 'Розикова  Ч', 10, 5, 0, 5.6, 0, 0, 0, 0, 0, 0, 0, 10, 20.6, 135, 2700),
(187, 'Ойна', 'Холназарова Махфират', 0.6, 0, 0, 0.6, 0, 0.19, 0, 0, 1, 0, 0, 0.6, 2.39, 16.97, 339),
(188, 'Олимхон Раис', 'Рахмонкулов Часур', 1, 2, 0, 0, 0, 1.2, 0, 0, 0, 0, 0, 2.2, 4.2, 36.5, 730),
(189, 'Омонулло', 'Юсупов Аманулло', 0.3, 0.7, 0, 0, 0, 0, 0.2, 0, 0, 0.2, 0, 0.5, 1.4, 13.71, 274),
(190, 'Оролбобо', 'Лакаева Мунаввар', 0, 0.77, 0, 0, 0, 0, 0, 0, 0, 0, 0, 0, 0.77, 7.7, 154),
(191, 'Осмон', 'Самадов И', 5, 14, 2, 0, 1, 0, 4, 0, 0, 0, 0, 5, 26, 249, 4980),
(192, 'Отабекчон', 'Рахимова Барно', 0, 4, 0, 0.2, 0.7, 0, 0.2, 0, 0.2, 0.52, 0, 0.59, 5.82, 56.7, 1134),
(193, 'Офтоб', 'Бобогулов Насрулло', 3, 5, 0, 1, 0.5, 1.3, 1, 0, 1.5, 0, 0, 3, 13.3, 109.25, 2185),
(194, 'Охунчон', 'Чараева Нозигул', 0.28, 0, 0, 0, 0, 0, 0, 0, 0, 0, 0, 0.28, 0.28, 1.6, 32),
(195, 'Очилди Назаров', 'Очилдиев Муродулло', 3.5, 7, 0.15, 1, 0.6, 0, 0, 0, 0, 0, 3.25, 0, 12.25, 113.75, 2275),
(196, 'Парвиз', 'Намозов Саид', 1, 1.22, 0, 0, 0, 0, 0, 0, 0, 0, 0, 1, 2.22, 17.9, 358),
(197, 'Парвин', 'Рамазонов Йигитали', 0.6, 7, 0.3, 4, 0.1, 0, 0, 0, 0.6, 0, 0, 6, 12.6, 122.27, 2445),
(198, 'Парвоз', 'Намозов  С', 4.5, 7, 0, 0, 0, 0, 0, 0, 0, 0, 0, 4.5, 11.5, 95.65, 1913),
(199, 'Пирназарбобо', 'Пирназаров Хамза', 1, 0, 0, 0.1, 0, 0, 0.4, 0, 0, 0.5, 0, 0.6, 2, 14.3, 286),
(200, 'Равшан  Раис', 'Чуммаев Ф', 3, 4.5, 0, 2.58, 0, 1, 0, 0, 1, 0, 0, 3, 12.08, 90, 1800),
(201, 'Рамазон', 'Бобогулов Музаффар', 42, 0, 0, 0, 0, 0, 0, 0, 0, 0, 0, 42, 42, 239.4, 4788),
(202, 'Рахмонхон', 'Мухиддинов Юнус', 0.2, 2.4, 0, 0, 0, 0, 0.2, 0, 0, 0.2, 0, 0.4, 3, 30.14, 603),
(203, 'Рачаббек', 'Мустафокулова Майрам', 0.25, 0.51, 0, 0, 0, 0, 0, 0, 0, 0.1, 0, 0.35, 0.86, 7.78, 156),
(204, 'Рузибек', 'Бобочонов Ч', 1, 2, 0, 0, 0, 0, 0, 0, 0, 0, 0, 1, 3, 25.7, 514),
(205, 'Рузибой ака', 'Чумаева Саломат', 1, 2, 0, 1.3, 0, 0, 0, 0, 1, 0, 0, 1, 5.3, 41.7, 834),
(206, 'Рузималим', 'Бобоева Раима', 0.6, 0, 0, 0.1, 0, 0, 0.55, 0, 0, 0, 0, 0.6, 1.25, 10.8, 216),
(207, 'Руслан', 'Алмуротова Насиба', 1.35, 0, 0, 0, 0.5, 0, 0, 0, 0, 0, 0.1, 1.3, 1.85, 11.55, 231),
(208, 'Рустам-1', 'Саидов Йигитали', 1, 2.5, 0, 0, 0, 0, 0, 0, 0, 0.5, 0, 1.5, 4, 36.95, 739),
(209, 'Рустами Хайдар', 'Мирзоева Зарина', 0, 0, 0, 0, 0, 0, 0, 0, 2, 0, 0, 0, 2, 19, 380),
(210, 'Саддам', 'Тураева Кумуш', 2, 1, 0, 2, 0, 0, 0, 0, 0, 0, 0, 2, 5, 31.4, 628),
(211, 'Саидакрам', 'Зиёвуддинов', 0.3, 1.5, 0, 0, 0, 0, 0, 0, 0, 0, 0, 0.3, 1.8, 16.71, 334),
(212, 'Сайриддин', 'Кодиров Файзиддин', 0.5, 2.8, 0, 0, 0, 0, 0.15, 0, 0, 0.57, 0, 1.007, 4.02, 39.63, 793),
(213, 'Салмони Форс-2018', 'Чуманазаров Аланазар', 0.7, 1.9, 0, 0, 0, 0, 0.3, 0, 0, 0.1, 0, 0.8, 3, 27.99, 560),
(214, 'Салом', 'Лакаева Саида', 0.4, 0.72, 0, 0, 0, 0, 0, 0, 0, 0, 0, 0.4, 1.12, 9.48, 190),
(215, 'Самирчон', 'Утаева Ш', 0.5, 0, 0, 0, 0, 0, 0, 0, 1.12, 0, 0, 0.5, 1.62, 13.49, 270),
(216, 'Сангоба', 'Бердиев Бахтиёр', 3, 7, 0, 0.26, 2, 0, 0, 0, 0.8, 0, 0, 3, 13.06, 109, 2180),
(217, 'Санчар', 'Марзиева Умеда', 7, 7, 0, 3.96, 0, 0, 0, 0, 2, 0, 0, 2, 19.96, 131.2, 2624),
(218, 'Саодатбиби', 'Буриев Хасан', 1, 6.16, 0.5, 0.94, 0, 0, 0.2, 0, 0, 0, 0, 2.44, 8.8, 85.54, 1711),
(219, 'Сардор-2017', 'Тураев Улфат', 0.6, 0.4, 0, 0, 0, 0, 0, 0, 0, 0, 0, 0.6, 1, 7.42, 148),
(220, 'Сардорбек', 'Курбонова Аноргул', 0.55, 1.4, 0, 0, 0.5, 0, 0, 0, 0, 0, 0, 0.6, 2.45, 20.56, 411),
(221, 'Сардорбек-2', 'Чориев Рузибой', 1, 4, 0.1, 0.3, 0, 0, 0, 0, 0, 0.52, 0, 1.92, 5.92, 56.3, 1126),
(222, 'Сафаргул', 'Саидова Сафаргул', 0, 1, 0, 0, 0, 0, 0, 0, 0, 0, 0, 0, 1, 10, 200),
(223, 'Сафармамат Корбон', 'Курбонов Шоди', 0, 0.4, 0, 0.2, 0, 0, 0, 0, 0.7, 0, 0, 0, 1.3, 11.65, 233),
(224, 'Сафармурод', 'Саидова Норхол', 1, 1, 0, 0, 0, 1, 0, 0, 2, 0, 0, 1, 5, 40.2, 804),
(225, 'Собирбой', 'Назирова Рисолат', 0, 0, 0, 0, 0, 0, 0, 0, 2.34, 0, 0, 0, 2.34, 22.23, 445),
(226, 'Собит', 'Саидов Толиб', 0, 2, 0, 0, 0, 0, 0.3, 0, 0, 0, 0.7, 0.7, 2.3, 31.66, 633),
(227, 'Соиб', 'Назарова Хуройин', 0.75, 0, 0, 0, 0, 0, 0, 0, 0, 0, 0, 0.75, 0.75, 4.28, 86),
(228, 'Сопия', 'Менглиев Х', 0, 2, 0.45, 0, 0, 0, 0, 0, 2.45, 0, 0, 0, 4.9, 48.68, 974),
(229, 'Сувонбобо', 'Шаймардов Сувон', 0, 0, 0, 0, 0, 0, 0, 0, 0.7, 0, 0, 0, 0.7, 6.65, 133),
(230, 'Султомурод', 'Турамуродов Хайринисо', 1, 2, 0, 0, 0, 0, 0, 0, 1.5, 0, 0, 1, 4.5, 39.95, 799),
(231, 'Султонбобо', 'Маматмуродов Намоз', 1, 2, 0, 0, 0, 0, 0, 0, 0, 0, 0, 1, 3, 25.7, 514),
(232, 'Сурайё-2', 'Авазов Дилшод', 4.37, 5, 0, 0, 0, 0, 0, 0, 0, 0, 0, 4.37, 9.37, 74.91, 1498),
(233, 'Сухробчон', 'Курбонов Караматулло', 3, 3, 0, 0, 0, 0, 0.64, 0, 0, 0, 0, 3, 6.64, 55.1, 1102),
(234, 'Т.Бердиева', 'Бердиева', 3.29, 3, 0, 0, 0, 0, 0, 0, 0, 0, 0, 3.29, 6.29, 48.75, 975),
(235, 'Тогай', 'Шарипов Ф', 1.5, 3.4, 0, 0, 0, 0, 0, 0, 0, 0, 0, 1.5, 4.9, 42.55, 851),
(236, 'Турамалим', 'Эшов Салим', 3, 1.57, 0, 2, 0, 1, 0, 0, 0, 0, 0, 3, 7.57, 48.3, 966),
(237, 'Турсунмурод', 'Турсунмуродов Рузи', 0, 0, 0, 0, 0, 0, 0, 0, 0, 0.38, 0, 0.38, 0.38, 4.75, 95),
(238, 'Тухта', 'Эшбеков Тухта', 0, 0, 0, 0, 0, 0, 0.6, 0, 0, 0.52, 0, 0.52, 1.12, 14, 280),
(239, 'Угулой', 'Бобогулов Асрор', 1.32, 1, 0, 1, 0, 0, 0, 0, 0, 0, 0, 1.32, 3.32, 22.52, 450),
(240, 'Улаш', 'Эгамбердиева Улаш', 0.4, 0, 0, 0, 0, 0, 0, 0, 0, 0, 0, 0.4, 0.4, 2.28, 46),
(241, 'Умар-2017', 'Тураев Юнус', 0.3, 0.62, 0, 0, 0, 0, 0, 0, 0, 0.2, 0, 0.5, 1.12, 10.41, 208),
(242, 'Умед', 'Эргашов Тулкин', 3, 6, 0, 1.5, 0, 0.5, 0, 0, 0, 0, 0, 5, 11, 94.35, 1887),
(243, 'Урал', 'Муродова Сабохат', 0.4, 1, 0, 0, 0, 0, 0, 0, 0, 0, 0, 0.4, 1.4, 12.28, 246),
(244, 'Усто Намоз', 'Намозов Юнус', 0.16, 0.4, 0, 0, 0, 0, 0.2, 0, 0, 0, 0, 0.16, 0.76, 7.41, 148),
(245, 'Уткирбек', 'Хайдарова Гавхар', 1, 0, 1, 0, 0, 0, 0, 0, 1, 0, 1, 1, 3, 35, 700),
(246, 'Фазлиддин', 'Бойманова Матлуба', 0.25, 0, 0, 0, 0, 0, 1.11, 0, 0, 0, 0, 0.25, 1.36, 15.3, 306),
(247, 'Фарида', 'Намозов Рахмонали', 4.5, 6.75, 0, 0, 0, 0, 0, 0, 0, 0, 0, 4.5, 11.25, 93.15, 1863),
(248, 'Фаризода', 'Мамадмлиев  Ш', 4, 0, 0, 0, 0, 0, 0, 0, 0, 0, 0, 4, 4, 22.8, 456),
(249, 'Фарухчон', 'Саидов Тилакмурод', 3, 1.85, 0, 0, 0, 0, 0, 0, 0, 0, 0, 3, 4.85, 35.6, 712),
(250, 'Фахриддин', 'Аликулова Сафаргул', 0.18, 1.2, 0.15, 0.25, 0, 0, 0, 0, 0, 0, 0, 0.58, 1.78, 17.48, 350),
(251, 'Феруза', 'Бойназарова М', 0.2, 0.6, 0, 0.1, 0, 0, 0, 0, 0, 0, 0, 0, 0.9, 6.94, 139),
(252, 'Феруза', 'Тураева Назокат', 1.2, 1.8, 0, 0, 0, 0, 0, 0, 0, 0, 0, 1.2, 3, 24.84, 497),
(253, 'Фотима', 'Хучамуродова Фотима', 0.36, 0.5, 0, 0, 0, 0, 0, 0, 0, 0, 0.36, 0, 0.86, 8.6, 172),
(254, 'Хабибулло', 'Юлдошов Норбой', 4, 15, 0.5, 0.63, 0.1, 0, 0.5, 0, 5.5, 0, 0, 4.6, 26.23, 243.2, 4864),
(255, 'Хадича', 'Химматова Х', 0.15, 1, 0, 0.4, 0, 0.4, 0.16, 0, 0, 0, 0, 0.55, 2.11, 18.46, 369),
(256, 'Хазратбобо', 'Тагоев Равшан', 0.25, 0.9, 0, 0.15, 0, 0, 0, 0.2, 0, 0.2, 0, 0.4, 1.5, 20.9, 418),
(257, 'Хакдод', 'Хакдодов Бахтиёр', 0.3, 2, 0, 0.34, 0.32, 0, 0, 0, 0, 0, 0, 0.96, 2.96, 27.8, 556),
(258, 'Халилбобо', 'Назирова Рузигул', 0.88, 2.5, 0, 0, 0, 0, 0.4, 0, 1.5, 0, 0, 0.88, 5.28, 49.27, 985),
(259, 'Хасан', 'Менглиев Хасан', 0, 0, 0, 0, 0, 0, 0, 0, 1.3, 0, 0, 0, 1.3, 12.35, 247),
(260, 'Хилола', 'Абдурахимов Холмумин', 1, 2, 0, 0, 0, 0, 0, 0, 0, 0, 0, 0, 3, 22.2, 444),
(261, 'Холмамат', 'Мамарозиева Гулбахор', 0.14, 0.3, 0, 0, 0, 0, 0, 0, 0, 0, 0, 0.14, 0.44, 3.8, 76),
(262, 'Холмумин', 'Хатамов Назар', 1.4, 3, 0, 0, 0, 0, 0.1, 0, 0, 0.14, 0, 1.54, 4.64, 40.98, 820),
(263, 'Холназар', 'Бобогулов  Х', 5, 5, 0, 4, 0, 3, 0, 0, 0, 0, 0, 5, 17, 115, 2300),
(264, 'Хотам', 'Саидалиев Муминчон', 2, 1.5, 0, 0.5, 0, 1, 0, 0, 0, 0, 0, 2, 5, 34.4, 688),
(265, 'Хочи Абдураим', 'Абдурахимов Х', 0.27, 0.5, 0, 0.1, 0, 0, 0, 0, 0, 0, 0, 0.27, 0.87, 7.04, 141),
(266, 'Хочи Гулом', 'Шарипов Комил', 5, 3, 0, 0.4, 0, 0, 0, 0, 0, 0, 0, 5.4, 8.4, 61.9, 1238),
(267, 'Хочи Иброхим', 'Мамадиев Хайитали', 1, 2.69, 0, 0, 0, 0, 0, 0, 0, 0, 0.5, 0.5, 3.69, 34.75, 695),
(268, 'Хочи Мирзо', 'Мирзоев Аличон', 1, 0, 0, 0.85, 0, 0, 0, 0, 0, 0, 0, 1, 1.85, 9.95, 199),
(269, 'Хочи Рахмон', 'Марданакулова Феруза', 1, 2.8, 0.1, 0.07, 0.1, 0, 0.25, 0.7, 0, 0, 0, 0.57, 4.32, 63.42, 1268),
(270, 'Хочи Сафарбобо', 'Аликулов Ёкуб', 0, 0.6, 0, 0, 0, 0, 0.5, 0, 1.12, 0.95, 0, 0.95, 3.17, 34.77, 695),
(271, 'Хочи Хайитали', 'Эшмуротов Илхом', 0, 7, 0, 0, 0, 0, 0, 0, 0, 0, 0, 0, 7, 70, 1400),
(272, 'Хочи Хаким', 'Хайдаров Чори', 2.5, 2.5, 0, 1.38, 0, 0, 0, 0, 1, 0, 0, 3.88, 7.38, 60.48, 1210),
(273, 'Хурсанд-2017', 'Норматов Асадулло', 0.44, 1.4, 0, 0, 0, 0, 0, 0, 0, 0, 0, 0.44, 1.84, 16.51, 330),
(274, 'Хусан Бобо', 'Тураев Исмоил', 0, 0, 0, 0.6, 0, 0, 0, 0, 1.29, 0, 0, 0, 1.89, 15.26, 305),
(275, 'Хушмуродбобо', 'Намозов Дустмурод', 0.4, 2.8, 0, 0.35, 0.06, 0, 0, 0, 0, 0.35, 0, 1.16, 3.96, 38.23, 765),
(276, 'Хушнаруз', 'Норматов Юлдош', 2.84, 2.1, 0, 0, 0, 0, 0, 0, 0.82, 0, 0, 2.84, 5.76, 44.98, 900),
(277, 'Чалолиддин', 'Хоччамова Зулфия', 0.5, 1, 0, 0, 0, 0, 0, 0.4, 0, 0.18, 0, 0.28, 1.68, 28.5, 570),
(278, 'Чанона', 'Бойматова С', 1, 1, 0, 0.47, 0, 0, 0.5, 0, 0, 0, 0, 0, 2.97, 20.8, 416),
(279, 'Чаррос', 'Менглиев  Эркин', 0, 0.56, 0, 0, 0, 0, 0, 0, 0, 0, 0, 0, 0.56, 5.6, 112),
(280, 'Часмина', 'Чумаев Абдулло', 2.7, 6.1, 0, 0, 0, 0, 0.2, 0, 0, 0, 0, 2.7, 9, 78.89, 1578),
(281, 'Часурбек', 'Бобогулов Чурабек', 13, 12.73, 0, 4, 0, 0, 0, 0, 1, 0, 0, 13, 30.73, 230.9, 4618),
(282, 'Чахонгир', 'Рахмонкулов Маъруф', 3, 7, 0, 0, 0, 0, 0, 0, 0, 0, 0, 3, 10, 87.1, 1742),
(283, 'Чиннигул', 'Чуммаева Чиннигул', 0.4, 0.88, 0, 0, 0, 0, 0.12, 0, 0, 0, 0, 0.4, 1.4, 12.58, 252),
(284, 'Чори', 'Бозоров Чори', 0.4, 0, 0.8, 0.68, 0, 0, 0, 0, 0, 0, 0, 0.4, 1.88, 15.28, 306),
(285, 'Чори Олим', 'Махмудов  Ф', 1, 2.5, 0.36, 0, 0, 0, 0, 0.2, 0, 0, 0.58, 0.58, 3.86, 45.47, 909),
(286, 'Чорибобо', 'Шайманов Очилди', 0.7, 1.2, 0, 0, 0, 0, 0, 0, 0, 0, 0, 0.7, 1.9, 15.99, 320),
(287, 'Чумма', 'Саидов Рустам', 0.7, 0, 0.4, 0.9, 0.5, 0, 1.5, 0, 0, 0, 0, 1.6, 4, 38.44, 769),
(288, 'Чуммабой', 'Мамарузиева Дилором', 0, 0.7, 0.1, 0, 0, 0, 0.7, 0, 0, 0, 0, 0.17, 1.5, 17.55, 351),
(289, 'Чумманазар', 'Норматов Худойназар', 0.5, 3, 0, 0.16, 0, 0, 0, 0, 0.5, 0, 0, 0.5, 4.16, 38.4, 768),
(290, 'Шариф Хочи', 'Эшмуротова Ойбаланд', 0.95, 4, 0.25, 0.55, 0, 0, 0, 0, 0, 0.15, 0, 0.95, 5.9, 52.52, 1050),
(291, 'Шахбоз', 'Тиллоев Чамшед', 0, 0, 0, 0, 0, 0, 0, 0, 1.2, 0, 0, 0, 1.2, 11.4, 228),
(292, 'Шахобиддин', 'Саидов Саидаъзам', 0.5, 2, 0, 0, 0, 0, 0, 0, 0, 0, 0, 0.5, 2.5, 22.85, 457),
(293, 'Шоира', 'Шарипов Икром', 0, 0, 0, 0, 0, 0, 0, 0, 2.52, 0, 0, 0, 2.52, 23.94, 479),
(294, 'Шохзод ', 'Чориев Эргаш', 1, 1, 0, 0, 0, 0, 0, 0, 0, 0, 0, 1, 2, 15.7, 314),
(295, 'Шохзода', 'Чумаев Халил', 0, 0.93, 0, 0, 0, 0, 0, 0, 0, 0, 0, 0, 0.93, 9.3, 186),
(296, 'Шукурулло', 'Мамадиев Хайдар', 0.4, 2, 0, 0, 0.1, 0, 0.1, 0, 0, 0, 0, 0.5, 2.6, 24.53, 491),
(297, 'Эльбек', 'Хазраткулова Б', 1, 2, 0, 0.7, 0, 0, 0, 0, 0, 0, 0, 1, 3.7, 29.2, 584),
(298, 'Эльёр', 'Тураев Мухаммад', 1.3, 4, 0, 0, 0, 0, 0, 0, 0, 0, 0, 1.3, 5.3, 47.41, 948),
(299, 'Эшмумин', 'Эшмуминов Р', 0, 0, 0, 0, 0, 0, 0, 0, 1.26, 0, 0, 0, 1.26, 11.97, 239),
(300, 'Эшмуминака', 'Махмадмуродова Хосият', 0, 0, 0, 0, 0, 0, 0, 0, 1, 0, 0, 0, 1, 9.5, 190),
(301, 'Эшмурод', 'Бобогулов Ф', 4, 3, 0, 3, 0, 0, 0, 0, 0, 0, 0, 4, 10, 67.8, 1356),
(302, 'Эшмурод-Музаффар', 'Чуммаева Саида', 0.4, 0, 0, 0.6, 0, 0, 0, 0, 0, 0, 0, 0.4, 1, 5.28, 106),
(303, 'Юлдошбобо', 'Маманазаров  Т', 10, 10.39, 0, 2, 0.3, 2.5, 1.5, 0, 1.13, 0, 0, 10.3, 27.82, 217.14, 4343),
(304, 'Юнусбек', 'Кукаев Намоз', 1.2, 0.6, 0, 1, 0, 0, 0, 0, 0, 0.2, 0, 1.4, 3, 20.34, 407),
(305, 'Юсуфзода', 'Бозорова Гулинор', 0.12, 0.3, 0, 0, 0.5, 0, 0, 0, 0, 0.1, 0, 0.27, 1.02, 8.36, 167),
(306, 'Ясмина', 'Назиров Аъзим', 0, 0, 0, 0, 0, 0, 0, 0, 1, 0, 0, 0, 1, 9.5, 190),
(307, 'Шерназар', 'Баратов Тоир', 0, 2.2, 0, 0, 0, 0, 0, 0, 0, 0, 0, 0, 2.2, 22, 440),
(308, 'Билол', 'Чумаев Хабибулло', 0, 3.2, 0, 0, 0, 0, 0, 0, 0, 0, 0, 0, 3.2, 32, 640),
(309, 'Бобои Гулабой', 'Азимов М', 0, 0, 0, 0, 0, 0, 0, 0, 1.5, 0, 0, 0, 1.5, 14.25, 285),
(310, 'Абдулло', 'Зиётов Чурабой', 0.3, 0.8, 0, 0.7, 0, 0, 0, 0, 0, 0, 0.3, 0, 1.8, 14.5, 290),
(311, 'Тухтабобо', 'Султонов Норкузи', 0.15, 0.54, 0, 0, 0, 0, 0.15, 0, 0, 0, 0, 0.15, 0.84, 8.13, 163),
(312, 'ЧСПШХИ  И.Сомонй', 'Раупов.Ю', 6, 0, 0, 0, 0, 5, 4, 0, 0, 0, 0, 6, 15, 111.7, 2234),
(313, 'Наздихов ва ёриросон', '', 150, 0, 156.45, 99, 0, 0, 36, 0, 80, 30, 0, 150, 551.45, 4707.4, 94148),
(314, '', '', 553.05, 608.62, 173.82, 190.01, 12.75, 32.96, 83.94, 5.1, 194.18, 47.45, 13.92, 569.31, 1896.78, 16213.82, 324276);

-- --------------------------------------------------------

--
-- Структура таблицы `jam_hpk`
--

CREATE TABLE `jam_hpk` (
  `id` int(11) NOT NULL,
  `name` varchar(64) NOT NULL,
  `name_farm` int(11) NOT NULL,
  `square` int(11) NOT NULL,
  `nakshai_adad` int(11) NOT NULL,
  `ijroi_adad` int(11) NOT NULL,
  `shartnomabastashuda` int(11) NOT NULL,
  `somoni` int(11) NOT NULL,
  `adad_procent` int(11) NOT NULL
) ENGINE=InnoDB DEFAULT CHARSET=utf8;

--
-- Дамп данных таблицы `jam_hpk`
--

INSERT INTO `jam_hpk` (`id`, `name`, `name_farm`, `square`, `nakshai_adad`, `ijroi_adad`, `shartnomabastashuda`, `somoni`, `adad_procent`) VALUES
(1, 'АИО Шахоб', 1897, 312, 312, 1897, 324276, 100, 100),
(2, 'Аио Шох', 909, 58, 58, 909, 117483, 100, 100),
(3, 'Аио Хабиб Фозилов', 660, 68, 68, 660, 98960, 100, 100),
(4, 'Аио Чирик', 1339, 121, 121, 1338, 243193, 100, 100),
(5, 'Аио Нахри Калон', 1402, 255, 255, 1403, 204426, 100, 100),
(6, 'Аио Фаровон', 3439, 448, 448, 2826, 416551, 100, 82),
(7, 'Аио Чуи Равон', 1268, 147, 147, 1268, 169852, 100, 100),
(8, 'Аио Вахдат', 2648, 208, 208, 2648, 463700, 100, 100),
(9, 'Аио Хаваскор-1', 1068, 126, 126, 1068, 185857, 100, 100),
(10, 'Аио Оби Хаёт', 1112, 204, 204, 1112, 175534, 100, 100),
(11, 'Аио Кубод-1', 1180, 100, 100, 1181, 166897, 100, 100),
(12, 'Полвонтугай река Вахш ', 178, 7, 7, 178, 34587, 100, 100),
(13, 'Чамъ нохияи Кубодиён', 17100, 2054, 2054, 16487, 2601315, 100, 96),
(14, 'Аио Хочаи Чом', 1287, 151, 151, 1286, 198562, 100, 100),
(15, 'Аио Навруз', 1986, 196, 196, 1875, 334774, 100, 94),
(16, 'Аио Сайёд', 1470, 196, 196, 1356, 218104, 100, 92),
(17, 'Аио Ватан-1', 762, 158, 158, 763, 93664, 100, 100),
(18, 'Аио Орзу', 637, 67, 67, 637, 104252, 100, 100),
(19, 'Аио Дустй', 964, 101, 101, 964, 174123, 100, 100),
(20, 'Аио Каракул', 796, 94, 94, 796, 172497, 100, 100),
(21, 'Аио Тартки', 1018, 164, 164, 1018, 164530, 100, 100),
(22, 'Аио Карашувок', 1326, 416, 416, 1325, 247990, 100, 100),
(23, 'Аио Айвоч', 854, 89, 89, 854, 133941, 100, 100),
(24, 'Чамъ нохияи Шахритуз', 11100, 1632, 1632, 10875, 1842437, 100, 98),
(25, 'Аио Бешкент', 1458, 213, 213, 1458, 188007, 100, 100),
(26, 'Аио Сайхун', 1377, 285, 220, 1177, 193885, 77, 85),
(27, 'Аио Водии Бешкент', 2500, 497, 376, 2097, 285276, 76, 84),
(28, 'Аио Чашма', 1150, 220, 153, 1102, 169684, 70, 96),
(29, 'Аио Корвон', 1539, 360, 360, 1321, 208462, 100, 86),
(30, 'Чамъ нохияи Н-Хусрав', 8024, 1575, 1322, 7155, 1045314, 84, 89),
(31, 'Чамъ ХПК', 36224, 5261, 5008, 34518, 5489066, 95, 95);

-- --------------------------------------------------------

--
-- Структура таблицы `main_rivers`
--

CREATE TABLE `main_rivers` (
  `RCode` int(10) UNSIGNED NOT NULL,
  `id_water_bazins` int(11) NOT NULL,
  `shape` linestring NOT NULL,
  `name_rus` text COLLATE utf8mb4_unicode_ci NOT NULL,
  `name_eng` text COLLATE utf8mb4_unicode_ci NOT NULL,
  `name_tj` text COLLATE utf8mb4_unicode_ci NOT NULL,
  `bz_woc` text COLLATE utf8mb4_unicode_ci NOT NULL,
  `country_woc` text COLLATE utf8mb4_unicode_ci NOT NULL,
  `bz_name_rus` text COLLATE utf8mb4_unicode_ci NOT NULL,
  `bz_name_eng` text COLLATE utf8mb4_unicode_ci NOT NULL,
  `bz_name_tj` text COLLATE utf8mb4_unicode_ci NOT NULL,
  `region` text COLLATE utf8mb4_unicode_ci NOT NULL,
  `republic` text COLLATE utf8mb4_unicode_ci NOT NULL,
  `length` double NOT NULL,
  `annual_drain` double NOT NULL,
  `area_of_watershed` double NOT NULL,
  `notes` text COLLATE utf8mb4_unicode_ci NOT NULL,
  `id_water_basins_zones` int(10) UNSIGNED DEFAULT NULL
) ENGINE=InnoDB DEFAULT CHARSET=utf8mb4 COLLATE=utf8mb4_unicode_ci;

-- --------------------------------------------------------

--
-- Структура таблицы `migrations`
--

CREATE TABLE `migrations` (
  `id` int(10) UNSIGNED NOT NULL,
  `migration` varchar(191) COLLATE utf8mb4_unicode_ci NOT NULL,
  `batch` int(11) NOT NULL
) ENGINE=InnoDB DEFAULT CHARSET=utf8mb4 COLLATE=utf8mb4_unicode_ci;

--
-- Дамп данных таблицы `migrations`
--

INSERT INTO `migrations` (`id`, `migration`, `batch`) VALUES
(1, '2014_10_12_000000_create_users_table', 1),
(2, '2014_10_12_100000_create_password_resets_table', 1),
(3, '2019_11_18_183827_add_id_water_basins_zones_to_main_rivers', 2),
(4, '2019_11_18_190042_create_wuas_table', 3),
(5, '2019_11_19_180622_create_catchment_areas_table', 3),
(6, '2019_11_19_192221_add_water_id_to_catchment_areas_table', 4),
(7, '2019_11_19_214903_add_catchment_id_to_river_network', 5),
(8, '2019_11_20_073437_add_network_id_to_canals', 6),
(9, '2019_11_20_114235_create_sprinklers_table', 7),
(10, '2019_11_22_062742_add_id_billing_to_wua', 8),
(11, '2019_11_22_073209_create_agricultures_table', 9),
(12, '2019_11_22_194347_create_agricultures_table', 10),
(13, '2019_11_22_201106_add_id_wua_to_agriculture', 11),
(14, '2019_11_22_220855_add_id_wua_to_canal', 12),
(15, '2019_11_23_194759_add_id_basins_to_canal', 13),
(16, '2019_11_30_094426_create_water__levels_table', 14);

-- --------------------------------------------------------

--
-- Структура таблицы `module`
--

CREATE TABLE `module` (
  `id` int(11) NOT NULL,
  `name` varchar(30) CHARACTER SET utf8 NOT NULL
) ENGINE=MyISAM DEFAULT CHARSET=latin1;

--
-- Дамп данных таблицы `module`
--

INSERT INTO `module` (`id`, `name`) VALUES
(1, 'Первый гидромодульный район'),
(2, 'Второй гидромодульный район'),
(3, 'Третий гидромодульный район'),
(4, 'Четвертый гидромодульный район'),
(5, 'Пятый гидромодульный район'),
(6, 'Шестой гидромодульный район'),
(7, 'Седьмой гидромодульный район'),
(8, 'Восьмой гидромодульный район'),
(9, 'Девятый гидромодульный район');

-- --------------------------------------------------------

--
-- Структура таблицы `niigim_irrigation_category`
--

CREATE TABLE `niigim_irrigation_category` (
  `id` int(11) NOT NULL,
  `name` text NOT NULL
) ENGINE=MyISAM DEFAULT CHARSET=utf8;

--
-- Дамп данных таблицы `niigim_irrigation_category`
--

INSERT INTO `niigim_irrigation_category` (`id`, `name`) VALUES
(1, 'План орошение тонко-волокнистого хлопчатника'),
(2, 'План орошение кукурузы'),
(3, 'План орошение кукурузы на совмещенных посевах (два урожая)'),
(4, 'План орошение люцерны года посева'),
(5, 'План орошение люцерны прошлых лет'),
(6, 'План орошение промежуточных культур'),
(7, 'План орошение при получении двух урожаев зерна'),
(8, 'План орошение яровых, зерновых, колосовых'),
(9, 'План орошение герани');

-- --------------------------------------------------------

--
-- Структура таблицы `password_resets`
--

CREATE TABLE `password_resets` (
  `email` varchar(191) COLLATE utf8mb4_unicode_ci NOT NULL,
  `token` varchar(191) COLLATE utf8mb4_unicode_ci NOT NULL,
  `created_at` timestamp NULL DEFAULT NULL
) ENGINE=InnoDB DEFAULT CHARSET=utf8mb4 COLLATE=utf8mb4_unicode_ci;

-- --------------------------------------------------------

--
-- Структура таблицы `post`
--

CREATE TABLE `post` (
  `id` int(11) NOT NULL,
  `title` varchar(30) CHARACTER SET utf8 NOT NULL,
  `body` text CHARACTER SET utf8 NOT NULL,
  `date` datetime NOT NULL DEFAULT CURRENT_TIMESTAMP
) ENGINE=MyISAM DEFAULT CHARSET=latin1;

--
-- Дамп данных таблицы `post`
--

INSERT INTO `post` (`id`, `title`, `body`, `date`) VALUES
(1, 'Нижний Кафирниган', '<p><img alt=\"\" src=\"/dbwis/assets/dashboard/components/ckeditor/kcfinder/upload/images/4.jpg\"></p>\r\n\r\n<p>Основной задачей ИС является создание единой системы <strong>БД ВИС</strong> ирригационных каналов бассейна реки Нижний Кафарниган, с возможностью оценки различных аспектов эффективности их использования, прогноза, что способствует устойчивому управлению контролю по использованию ирригационных каналов. Система дает возможность постоянно оценивать эффективность воды по всем видам ее использования и определять непродуктивные потери.  ИС является многоуровневой межгосударственной, межотраслевой системой, построенной по уровням иерархии управления водными ресурсами <em><strong>реки Нижний Кафарниган</strong></em>.  Основной акцент делается на полезность, достоверность и открытость представляемой информации.</p>\r\n\r\n<p> </p>', '2019-09-24 09:52:26');

-- --------------------------------------------------------

--
-- Структура таблицы `river_networks`
--

CREATE TABLE `river_networks` (
  `id` int(10) UNSIGNED NOT NULL,
  `shape` linestring NOT NULL,
  `name_rus` text COLLATE utf8mb4_unicode_ci NOT NULL,
  `name_eng` text COLLATE utf8mb4_unicode_ci NOT NULL,
  `name_tj` text COLLATE utf8mb4_unicode_ci NOT NULL,
  `bz_woc` text COLLATE utf8mb4_unicode_ci NOT NULL,
  `country_woc` text COLLATE utf8mb4_unicode_ci NOT NULL,
  `woc` text COLLATE utf8mb4_unicode_ci NOT NULL,
  `bz_name_rus` text COLLATE utf8mb4_unicode_ci NOT NULL,
  `bz_name_eng` text COLLATE utf8mb4_unicode_ci NOT NULL,
  `bz_name_tj` text COLLATE utf8mb4_unicode_ci NOT NULL,
  `region` text COLLATE utf8mb4_unicode_ci NOT NULL,
  `republic` text COLLATE utf8mb4_unicode_ci NOT NULL,
  `notes` text COLLATE utf8mb4_unicode_ci NOT NULL,
  `created_at` timestamp NULL DEFAULT NULL,
  `updated_at` timestamp NULL DEFAULT NULL,
  `id_catchment` int(10) UNSIGNED NOT NULL
) ENGINE=InnoDB DEFAULT CHARSET=utf8mb4 COLLATE=utf8mb4_unicode_ci;

-- --------------------------------------------------------

--
-- Структура таблицы `roles`
--

CREATE TABLE `roles` (
  `id` int(11) NOT NULL,
  `name` varchar(25) NOT NULL,
  `status` int(11) NOT NULL DEFAULT '0'
) ENGINE=MyISAM DEFAULT CHARSET=latin1;

--
-- Дамп данных таблицы `roles`
--

INSERT INTO `roles` (`id`, `name`, `status`) VALUES
(1, 'Admin', 0),
(0, 'Guest', 0),
(3, 'AVP', 0);

-- --------------------------------------------------------

--
-- Структура таблицы `rr_user`
--

CREATE TABLE `rr_user` (
  `id` int(11) NOT NULL,
  `login` varchar(250) NOT NULL,
  `password` varchar(250) NOT NULL,
  `fullname` varchar(100) NOT NULL,
  `email` varchar(30) NOT NULL,
  `time_registration` timestamp NOT NULL DEFAULT CURRENT_TIMESTAMP,
  `time_update` timestamp NOT NULL DEFAULT CURRENT_TIMESTAMP ON UPDATE CURRENT_TIMESTAMP,
  `status` int(1) NOT NULL DEFAULT '1',
  `role` int(1) NOT NULL DEFAULT '0',
  `role_type` int(11) NOT NULL DEFAULT '0'
) ENGINE=InnoDB DEFAULT CHARSET=utf8;

--
-- Дамп данных таблицы `rr_user`
--

INSERT INTO `rr_user` (`id`, `login`, `password`, `fullname`, `email`, `time_registration`, `time_update`, `status`, `role`, `role_type`) VALUES
(1, 'admin', 'd033e22ae348aeb5660fc2140aec35850c4da997', 'Administrator', 'admin@mail.ru', '2019-09-24 09:52:26', '2019-09-24 09:52:26', 1, 1, 0),
(6, 'saifullo', 'd6056e47d33a009d754613afbb20a3a386496177', 'Saifullo Hikmatov', 'saif79@mail.ru', '2019-09-24 09:52:26', '2019-09-24 09:52:26', 1, 1, 0),
(8, 'idibak', '9f1d1c95b53fa0affc87669c227a05a32437757e', 'Idibak', 'idibak@mail.ru', '2019-09-24 09:52:26', '2019-09-24 09:52:26', 1, 3, 2),
(9, 'Buzurgmehr', 'f426c290da501d848a414c9e2e0f13286ca9cbe5', 'Buzurgmehr Negmatov', 'busy85@gmail.com', '2019-09-24 09:52:26', '2019-09-24 09:52:26', 1, 1, 0);

-- --------------------------------------------------------

--
-- Структура таблицы `sprinklers`
--

CREATE TABLE `sprinklers` (
  `objectid` bigint(20) UNSIGNED NOT NULL,
  `name` text COLLATE utf8mb4_unicode_ci NOT NULL,
  `id_canal` int(10) UNSIGNED NOT NULL,
  `id_network` int(10) UNSIGNED NOT NULL,
  `district` varchar(191) COLLATE utf8mb4_unicode_ci NOT NULL,
  `type_of_object` varchar(191) COLLATE utf8mb4_unicode_ci NOT NULL,
  `name_of_object` varchar(191) COLLATE utf8mb4_unicode_ci NOT NULL,
  `source` varchar(191) COLLATE utf8mb4_unicode_ci NOT NULL,
  `length` double NOT NULL,
  `material` text COLLATE utf8mb4_unicode_ci NOT NULL,
  `created_at` timestamp NULL DEFAULT NULL,
  `updated_at` timestamp NULL DEFAULT NULL
) ENGINE=InnoDB DEFAULT CHARSET=utf8mb4 COLLATE=utf8mb4_unicode_ci;

-- --------------------------------------------------------

--
-- Структура таблицы `users`
--

CREATE TABLE `users` (
  `id` bigint(20) UNSIGNED NOT NULL,
  `name` varchar(191) COLLATE utf8mb4_unicode_ci NOT NULL,
  `phone` varchar(191) COLLATE utf8mb4_unicode_ci NOT NULL,
  `usertype` varchar(191) COLLATE utf8mb4_unicode_ci DEFAULT NULL,
  `email` varchar(191) COLLATE utf8mb4_unicode_ci NOT NULL,
  `email_verified_at` timestamp NULL DEFAULT NULL,
  `password` varchar(191) COLLATE utf8mb4_unicode_ci NOT NULL,
  `remember_token` varchar(100) COLLATE utf8mb4_unicode_ci DEFAULT NULL,
  `created_at` timestamp NULL DEFAULT NULL,
  `updated_at` timestamp NULL DEFAULT NULL
) ENGINE=InnoDB DEFAULT CHARSET=utf8mb4 COLLATE=utf8mb4_unicode_ci;

-- --------------------------------------------------------

--
-- Структура таблицы `watering`
--

CREATE TABLE `watering` (
  `id` int(11) NOT NULL,
  `agricultural_id` int(11) NOT NULL,
  `module_id` int(11) NOT NULL,
  `watering_id` int(11) NOT NULL,
  `square` int(11) NOT NULL,
  `date_from` date NOT NULL,
  `date_to` date NOT NULL,
  `duration` int(11) NOT NULL,
  `speed` float NOT NULL
) ENGINE=MyISAM DEFAULT CHARSET=latin1;

--
-- Дамп данных таблицы `watering`
--

INSERT INTO `watering` (`id`, `agricultural_id`, `module_id`, `watering_id`, `square`, `date_from`, `date_to`, `duration`, `speed`) VALUES
(1, 1, 1, 1, 600, '2019-04-25', '2019-05-04', 10, 0.69),
(2, 1, 1, 2, 600, '2019-05-05', '2019-05-13', 9, 0.77),
(3, 1, 1, 3, 600, '2019-05-14', '2019-05-21', 8, 0.87),
(4, 1, 1, 4, 650, '2019-05-22', '2019-05-29', 8, 0.95),
(5, 1, 1, 5, 700, '2019-05-30', '2019-06-06', 8, 1.01),
(6, 1, 1, 6, 750, '2019-06-07', '2019-06-14', 8, 1.09),
(7, 1, 1, 7, 800, '2019-06-15', '2019-06-22', 8, 1.16),
(8, 1, 1, 8, 800, '2019-06-23', '2019-06-29', 7, 1.32),
(9, 1, 1, 9, 800, '2019-06-30', '2019-07-06', 7, 1.32),
(10, 1, 1, 10, 800, '2019-07-07', '2019-07-13', 7, 1.32),
(11, 1, 1, 11, 850, '2019-07-14', '2019-07-20', 7, 1.38),
(12, 1, 1, 12, 850, '2019-07-22', '2019-07-27', 7, 1.38),
(13, 1, 1, 13, 800, '2019-07-28', '2019-08-02', 6, 1.54),
(14, 1, 1, 14, 800, '2019-08-03', '2019-08-08', 6, 1.54),
(15, 1, 1, 15, 750, '2019-08-09', '2019-08-14', 6, 1.45),
(16, 1, 1, 16, 750, '2019-08-15', '2019-08-20', 6, 1.45),
(17, 1, 1, 17, 750, '2019-08-21', '2019-08-27', 7, 1.24),
(18, 1, 1, 18, 700, '2019-08-26', '2019-09-03', 7, 1.16),
(19, 1, 1, 19, 700, '2019-09-04', '2019-09-10', 7, 1.16),
(20, 1, 1, 20, 650, '2019-09-11', '2019-09-17', 7, 1.07),
(21, 1, 1, 21, 650, '2019-09-18', '2019-09-25', 8, 0.94),
(22, 1, 2, 1, 750, '2019-04-28', '2019-05-09', 12, 0.72),
(23, 1, 2, 2, 750, '2019-05-10', '2019-05-20', 11, 0.79),
(24, 1, 2, 3, 750, '2019-05-21', '2019-05-30', 10, 0.87),
(25, 1, 2, 4, 800, '2019-05-31', '2019-06-08', 9, 1),
(26, 1, 2, 5, 850, '2019-06-09', '2019-06-17', 9, 1.09),
(27, 1, 2, 6, 900, '2019-06-18', '2019-06-26', 9, 1.17),
(28, 1, 2, 7, 950, '2019-06-27', '2019-07-05', 9, 1.22),
(29, 1, 2, 8, 1000, '2019-07-06', '2019-07-14', 9, 1.29),
(30, 1, 2, 9, 1050, '2019-07-15', '2019-07-23', 9, 1.35),
(31, 1, 2, 10, 1100, '2019-07-24', '2019-08-01', 9, 1.42),
(32, 1, 2, 11, 1150, '2019-08-02', '2019-08-10', 9, 1.47),
(33, 1, 2, 12, 1100, '2019-08-11', '2019-08-19', 9, 1.44),
(34, 1, 2, 13, 1000, '2019-08-20', '2019-08-28', 9, 1.29),
(35, 1, 2, 14, 850, '2019-08-29', '2019-09-06', 9, 1.09),
(36, 1, 2, 15, 800, '2019-09-07', '2019-09-15', 9, 1.02),
(37, 1, 2, 16, 800, '2019-09-16', '2019-09-25', 10, 0.92),
(216, 1, 9, 7, 1500, '2019-08-12', '2019-08-25', 14, 1.24),
(215, 1, 9, 6, 1500, '2019-07-30', '2019-08-11', 13, 1.34),
(214, 1, 9, 5, 1500, '2019-07-16', '2019-07-29', 14, 1.24),
(213, 1, 9, 4, 1500, '2019-07-01', '2019-07-15', 15, 1.16),
(212, 1, 9, 3, 1500, '2019-06-14', '2019-06-30', 17, 1.02),
(211, 1, 9, 2, 1300, '2019-05-27', '2019-06-13', 18, 0.84),
(210, 1, 9, 1, 1100, '2019-05-09', '2019-05-26', 18, 0.71),
(209, 1, 8, 12, 850, '2019-09-12', '2019-09-25', 14, 0.7),
(208, 1, 8, 11, 850, '2019-08-31', '2019-09-11', 12, 0.82),
(207, 1, 8, 10, 850, '2019-08-20', '2019-08-30', 11, 0.89),
(206, 1, 8, 9, 850, '2019-08-10', '2019-08-19', 10, 0.98),
(205, 1, 8, 8, 850, '2019-08-01', '2019-08-09', 9, 1.09),
(204, 1, 8, 7, 900, '2019-07-22', '2019-07-31', 10, 1.04),
(203, 1, 8, 6, 900, '2019-07-11', '2019-07-21', 11, 0.95),
(202, 1, 8, 5, 900, '2019-06-29', '2019-07-10', 12, 0.87),
(201, 1, 8, 4, 900, '2019-06-16', '2019-06-28', 13, 0.8),
(200, 1, 8, 3, 850, '2019-06-03', '2019-06-15', 13, 0.76),
(199, 1, 8, 2, 850, '2019-05-20', '2019-06-02', 14, 0.7),
(198, 1, 8, 1, 850, '2019-05-05', '2019-05-19', 15, 0.66),
(197, 1, 7, 18, 650, '2019-09-18', '2019-09-25', 8, 0.94),
(196, 1, 7, 17, 700, '2019-09-10', '2019-09-17', 8, 1.01),
(195, 1, 7, 16, 750, '2019-09-02', '2019-09-09', 8, 1.09),
(194, 1, 7, 15, 900, '2019-08-25', '2019-09-01', 8, 1.3),
(193, 1, 7, 14, 900, '2019-08-18', '2019-08-24', 7, 1.49),
(192, 1, 7, 13, 900, '2019-08-11', '2019-08-17', 7, 1.49),
(191, 1, 7, 12, 900, '2019-08-04', '2019-08-10', 7, 1.49),
(190, 1, 7, 11, 900, '2019-07-28', '2019-08-03', 7, 1.49),
(189, 1, 7, 10, 1000, '2019-07-20', '2019-07-27', 8, 1.45),
(188, 1, 7, 9, 950, '2019-07-12', '2019-07-19', 8, 1.38),
(187, 1, 7, 8, 900, '2019-07-04', '2019-07-11', 8, 1.3),
(186, 1, 7, 7, 900, '2019-06-26', '2019-07-03', 8, 1.3),
(185, 1, 7, 6, 850, '2019-06-17', '2019-06-25', 9, 1.09),
(184, 1, 7, 5, 800, '2019-06-08', '2019-06-16', 9, 1.03),
(183, 1, 7, 4, 750, '2019-05-30', '2019-06-07', 9, 0.96),
(182, 1, 7, 3, 750, '2019-05-20', '2019-05-29', 10, 0.87),
(181, 1, 7, 2, 750, '2019-05-09', '2019-05-19', 11, 0.79),
(180, 1, 7, 1, 750, '2019-04-27', '2019-05-08', 12, 0.72),
(179, 1, 6, 9, 1200, '2019-09-10', '2019-09-25', 16, 0.87),
(178, 1, 6, 8, 1400, '2019-08-26', '2019-09-09', 15, 1.08),
(177, 1, 6, 7, 1500, '2019-08-12', '2019-08-25', 14, 1.24),
(176, 1, 6, 6, 1500, '2019-07-30', '2019-08-11', 13, 1.34),
(175, 1, 6, 5, 1500, '2019-07-16', '2019-07-29', 14, 1.24),
(174, 1, 6, 4, 1500, '2019-07-01', '2019-07-15', 15, 1.16),
(173, 1, 6, 3, 1500, '2019-06-14', '2019-06-30', 17, 1.02),
(172, 1, 6, 2, 1300, '2019-05-27', '2019-06-13', 18, 0.84),
(171, 1, 6, 1, 1100, '2019-05-09', '2019-05-26', 18, 0.71),
(170, 1, 5, 12, 850, '2019-09-12', '2019-09-25', 14, 0.7),
(169, 1, 5, 11, 850, '2019-08-31', '2019-09-11', 12, 0.82),
(168, 1, 5, 10, 850, '2019-08-20', '2019-08-30', 11, 0.89),
(167, 1, 5, 9, 850, '2019-08-10', '2019-08-19', 10, 0.98),
(166, 1, 5, 8, 850, '2019-08-01', '2019-08-09', 9, 1.09),
(165, 1, 5, 7, 900, '2019-07-22', '2019-07-31', 10, 1.04),
(164, 1, 5, 6, 900, '2019-07-11', '2019-07-21', 11, 0.95),
(163, 1, 5, 5, 900, '2019-06-29', '2019-07-10', 12, 0.87),
(162, 1, 5, 4, 900, '2019-06-16', '2019-06-28', 13, 0.8),
(161, 1, 5, 3, 850, '2019-06-03', '2019-06-15', 13, 0.76),
(160, 1, 5, 2, 850, '2019-05-20', '2019-06-02', 14, 0.7),
(159, 1, 5, 1, 850, '2019-05-05', '2019-05-19', 15, 0.66),
(158, 1, 4, 18, 650, '2019-09-18', '2019-09-25', 8, 0.94),
(157, 1, 4, 17, 700, '2019-09-10', '2019-09-17', 8, 1.01),
(156, 1, 4, 16, 750, '2019-09-02', '2019-09-09', 8, 1.09),
(155, 1, 4, 15, 900, '2019-08-25', '2019-09-01', 8, 1.3),
(154, 1, 4, 14, 900, '2019-08-18', '2019-08-24', 7, 1.49),
(153, 1, 4, 13, 900, '2019-08-11', '2019-08-17', 7, 1.49),
(152, 1, 4, 12, 900, '2019-08-04', '2019-08-10', 7, 1.49),
(151, 1, 4, 11, 900, '2019-07-28', '2019-08-03', 7, 1.49),
(150, 1, 4, 10, 1000, '2019-07-20', '2019-07-27', 8, 1.45),
(149, 1, 4, 9, 950, '2019-07-12', '2019-07-19', 8, 1.38),
(148, 1, 4, 8, 900, '2019-07-04', '2019-07-11', 8, 1.3),
(147, 1, 4, 7, 900, '2019-06-26', '2019-07-03', 8, 1.3),
(146, 1, 4, 6, 850, '2019-06-17', '2019-06-25', 9, 1.09),
(145, 1, 4, 5, 800, '2019-06-08', '2019-06-16', 9, 1.03),
(144, 1, 4, 4, 750, '2019-05-30', '2019-06-07', 9, 0.96),
(143, 1, 4, 3, 750, '2019-05-20', '2019-05-29', 10, 0.87),
(142, 1, 4, 2, 750, '2019-05-09', '2019-05-19', 11, 0.79),
(141, 1, 4, 1, 750, '2019-04-27', '2019-05-08', 12, 0.72),
(140, 1, 4, 1, 750, '2019-04-27', '2019-05-08', 12, 0.72),
(139, 1, 3, 12, 1000, '2019-09-13', '2019-09-25', 13, 0.89),
(138, 1, 3, 11, 1000, '2019-09-01', '2019-09-12', 12, 0.97),
(137, 1, 3, 10, 1300, '2019-08-20', '2019-08-31', 12, 1.25),
(136, 1, 3, 9, 1300, '2019-08-09', '2019-08-19', 11, 1.37),
(135, 1, 3, 8, 1350, '2019-07-29', '2019-08-08', 11, 1.42),
(134, 1, 3, 7, 1300, '2019-07-18', '2019-07-28', 11, 1.37),
(133, 1, 3, 6, 1300, '2019-07-06', '2019-07-17', 12, 1.25),
(132, 1, 3, 5, 1250, '2019-06-24', '2019-07-05', 12, 1.19),
(131, 1, 3, 4, 1250, '2019-06-11', '2019-06-23', 13, 1.1),
(130, 1, 3, 3, 950, '2019-05-29', '2019-06-10', 13, 0.87),
(129, 1, 3, 2, 950, '2019-05-15', '2019-05-28', 14, 0.8),
(128, 1, 3, 1, 950, '2019-04-30', '2019-05-14', 15, 0.75),
(217, 1, 9, 8, 1400, '2019-08-26', '2019-09-09', 15, 1.08),
(218, 1, 9, 9, 1200, '2019-09-10', '2019-09-25', 16, 0.87),
(219, 17, 1, 1, 500, '2019-03-04', '2019-03-12', 9, 0.64),
(220, 17, 1, 2, 300, '2019-03-18', '2019-03-24', 7, 0.5),
(221, 17, 1, 3, 300, '2019-03-25', '2019-04-12', 6, 0.58),
(222, 17, 1, 4, 500, '2019-04-13', '2019-04-19', 7, 0.83),
(223, 17, 1, 5, 500, '2019-04-20', '2019-04-26', 7, 0.83),
(224, 17, 1, 6, 500, '2019-04-27', '2019-05-02', 6, 0.96),
(225, 17, 1, 7, 500, '2019-05-03', '2019-05-08', 6, 0.96),
(226, 17, 1, 8, 500, '2019-05-09', '2019-05-14', 6, 0.96),
(227, 17, 1, 9, 500, '2019-05-15', '2019-05-19', 5, 1.16),
(228, 17, 1, 10, 500, '2019-05-20', '2019-05-24', 5, 1.16),
(229, 17, 1, 11, 500, '2019-05-25', '2019-05-29', 5, 1.16),
(230, 17, 1, 12, 500, '2019-05-30', '2019-06-03', 5, 1.16),
(231, 17, 1, 13, 500, '2019-06-04', '2019-06-08', 5, 1.16),
(232, 17, 1, 14, 500, '2019-06-09', '2019-06-13', 5, 1.16),
(233, 17, 1, 15, 550, '2019-06-14', '2019-06-18', 5, 1.27),
(234, 17, 1, 16, 550, '2019-06-19', '2019-06-23', 5, 1.27),
(235, 17, 1, 17, 550, '2019-06-24', '2019-06-28', 5, 1.27),
(236, 17, 1, 18, 550, '2019-06-29', '2019-07-03', 5, 1.27),
(237, 17, 1, 19, 550, '2019-07-04', '2019-07-07', 4, 1.6),
(238, 17, 1, 20, 550, '2019-07-08', '2019-07-11', 4, 1.6),
(239, 17, 1, 21, 550, '2019-07-12', '2019-07-15', 4, 1.6),
(240, 17, 1, 22, 550, '2019-07-16', '2019-07-19', 4, 1.6),
(241, 17, 1, 23, 600, '2019-07-20', '2019-07-23', 4, 1.74),
(242, 17, 1, 24, 600, '2019-07-24', '2019-07-27', 4, 1.74),
(243, 17, 1, 25, 600, '2019-07-28', '2019-07-31', 4, 1.74),
(244, 17, 1, 26, 600, '2019-08-01', '2019-08-05', 5, 1.39),
(245, 17, 1, 27, 550, '2019-08-06', '2019-08-10', 5, 1.27),
(246, 17, 1, 28, 500, '2019-08-11', '2019-08-15', 5, 1.16),
(247, 17, 1, 29, 500, '2019-08-16', '2019-08-20', 5, 1.16),
(248, 17, 1, 30, 500, '2019-08-21', '2019-08-25', 5, 1.16),
(249, 17, 1, 31, 500, '2019-08-26', '2019-08-30', 6, 0.97),
(250, 17, 2, 1, 650, '2019-03-01', '2019-03-12', 12, 0.63),
(251, 17, 2, 2, 450, '2019-03-21', '2019-04-14', 10, 0.52),
(252, 17, 2, 3, 600, '2019-04-15', '2019-04-23', 9, 0.77),
(253, 17, 2, 4, 650, '2019-04-24', '2019-05-01', 8, 0.94),
(254, 17, 2, 5, 650, '2019-05-02', '2019-05-09', 8, 0.94),
(255, 17, 2, 6, 650, '2019-05-10', '2019-05-16', 7, 1.07),
(256, 17, 2, 7, 650, '2019-05-17', '2019-05-23', 7, 1.07),
(257, 17, 2, 8, 700, '2019-05-24', '2019-05-30', 7, 1.16),
(258, 17, 2, 9, 700, '2019-05-31', '2019-06-06', 7, 1.16),
(259, 17, 2, 10, 700, '2019-06-07', '2019-06-13', 7, 1.16),
(260, 17, 2, 11, 700, '2019-06-14', '2019-06-18', 7, 1.16),
(261, 17, 2, 12, 700, '2019-06-19', '2019-06-25', 7, 1.16),
(262, 17, 2, 13, 700, '2019-06-26', '2019-07-03', 6, 1.35),
(263, 17, 2, 14, 700, '2019-07-04', '2019-07-09', 6, 1.35),
(264, 17, 2, 15, 700, '2019-07-10', '2019-07-15', 6, 1.35),
(265, 17, 2, 16, 700, '2019-07-16', '2019-07-20', 5, 1.62),
(266, 17, 2, 17, 700, '2019-07-21', '2019-07-25', 5, 1.62),
(267, 17, 2, 18, 700, '2019-07-26', '2019-07-30', 5, 1.62),
(268, 17, 2, 19, 700, '2019-07-31', '2019-08-05', 6, 1.35),
(269, 17, 2, 20, 700, '2019-08-06', '2019-08-11', 6, 1.35),
(270, 17, 2, 21, 700, '2019-08-12', '2019-08-17', 6, 1.35),
(271, 17, 2, 22, 600, '2019-08-18', '2019-08-23', 6, 1.16),
(272, 17, 2, 23, 600, '2019-08-24', '2019-08-30', 7, 0.99),
(273, 17, 3, 1, 900, '2019-03-01', '2019-03-16', 15, 0.65),
(274, 17, 3, 2, 500, '2019-03-20', '2019-03-30', 11, 0.53),
(275, 17, 3, 3, 800, '2019-04-19', '2019-04-30', 12, 0.77),
(276, 17, 3, 4, 850, '2019-05-01', '2019-05-11', 11, 0.89),
(277, 17, 3, 5, 900, '2019-05-12', '2019-05-21', 10, 1.04),
(278, 17, 3, 6, 900, '2019-05-22', '2019-05-30', 9, 1.16),
(279, 17, 3, 7, 950, '2019-05-31', '2019-06-08', 9, 1.16),
(280, 17, 3, 8, 950, '2019-06-09', '2019-06-17', 9, 1.16),
(281, 17, 3, 9, 950, '2019-06-18', '2019-06-26', 9, 1.22),
(282, 17, 3, 10, 950, '2019-06-27', '2019-07-04', 8, 1.37),
(283, 17, 3, 11, 950, '2019-07-05', '2019-07-12', 8, 1.37),
(284, 17, 3, 12, 950, '2019-07-13', '2019-07-20', 8, 1.37),
(285, 17, 3, 13, 900, '2019-07-21', '2019-07-27', 7, 1.48),
(286, 17, 3, 14, 900, '2019-07-28', '2019-08-03', 7, 1.48),
(287, 17, 3, 15, 900, '2019-08-04', '2019-08-11', 8, 1.3),
(288, 17, 3, 16, 850, '2019-08-12', '2019-08-20', 9, 1.09),
(289, 17, 3, 17, 800, '2019-08-21', '2019-08-30', 10, 0.93),
(290, 17, 4, 1, 650, '2019-03-01', '2019-03-12', 12, 0.63),
(291, 17, 4, 2, 450, '2019-03-21', '2019-03-30', 10, 0.52),
(292, 17, 4, 3, 500, '2019-04-14', '2019-04-21', 8, 0.72),
(293, 17, 4, 4, 500, '2019-04-22', '2019-04-28', 7, 0.83),
(294, 17, 4, 5, 500, '2019-04-29', '2019-05-05', 7, 0.83),
(295, 17, 4, 6, 550, '2019-05-06', '2019-05-11', 6, 1.06),
(296, 17, 4, 7, 550, '2019-05-12', '2019-05-17', 6, 1.06),
(297, 17, 4, 8, 550, '2019-05-18', '2019-05-22', 5, 1.27),
(298, 17, 4, 9, 550, '2019-05-23', '2019-05-27', 5, 1.27),
(299, 17, 4, 10, 550, '2019-05-28', '2019-06-01', 5, 1.27),
(300, 17, 4, 11, 550, '2019-06-02', '2019-06-06', 5, 1.27),
(301, 17, 4, 12, 550, '2019-06-07', '2019-06-11', 5, 1.27),
(302, 17, 4, 13, 550, '2019-06-12', '2019-06-16', 5, 1.27),
(303, 17, 4, 14, 550, '2019-06-17', '2019-06-21', 5, 1.27),
(304, 17, 4, 15, 550, '2019-06-22', '2019-06-26', 5, 1.27),
(305, 17, 4, 16, 650, '2019-06-27', '2019-07-01', 5, 1.5),
(306, 17, 4, 17, 650, '2019-07-22', '2019-07-06', 5, 1.5),
(307, 17, 4, 18, 650, '2019-07-07', '2019-07-11', 5, 1.5),
(308, 17, 4, 19, 650, '2019-07-12', '2019-07-16', 5, 1.5),
(309, 17, 4, 20, 650, '2019-07-17', '2019-07-21', 5, 1.5),
(310, 17, 4, 21, 550, '2019-07-22', '2019-07-25', 4, 1.59),
(311, 17, 4, 22, 550, '2019-07-26', '2019-07-29', 4, 1.59),
(312, 17, 4, 23, 550, '2019-07-30', '2019-08-03', 4, 1.59),
(313, 17, 4, 24, 550, '2019-08-04', '2019-08-07', 5, 1.27),
(314, 17, 4, 25, 550, '2019-08-08', '2019-08-12', 5, 1.27),
(315, 17, 4, 26, 550, '2019-08-13', '2019-08-18', 6, 1.06),
(316, 17, 4, 27, 550, '2019-08-19', '2019-08-24', 6, 1.06),
(317, 17, 4, 28, 500, '2019-08-25', '2019-08-30', 6, 0.96),
(318, 17, 5, 1, 800, '2019-03-02', '2019-03-16', 15, 0.62),
(319, 17, 5, 2, 500, '2019-03-20', '2019-03-30', 11, 0.53),
(320, 17, 5, 3, 850, '2019-04-23', '2019-05-04', 12, 0.82),
(321, 17, 5, 4, 850, '2019-05-05', '2019-05-15', 11, 0.89),
(322, 17, 5, 5, 850, '2019-05-16', '2019-05-25', 10, 0.93),
(323, 17, 5, 6, 850, '2019-05-26', '2019-06-05', 10, 0.93),
(324, 17, 5, 7, 850, '2019-06-05', '2019-06-13', 9, 1.09),
(325, 17, 5, 8, 850, '2019-06-14', '2019-06-22', 9, 1.09),
(326, 17, 5, 9, 850, '2019-06-23', '2019-07-01', 9, 1.09),
(327, 17, 5, 10, 850, '2019-07-02', '2019-07-09', 8, 1.23),
(328, 17, 5, 11, 850, '2019-07-10', '2019-07-17', 8, 1.23),
(329, 17, 5, 12, 900, '2019-07-18', '2019-07-25', 8, 1.3),
(330, 17, 5, 13, 900, '2019-07-26', '2019-08-03', 8, 1.3),
(331, 17, 5, 14, 850, '2019-08-03', '2019-08-10', 8, 1.23),
(332, 17, 5, 15, 850, '2019-08-11', '2019-08-19', 9, 1.09),
(333, 17, 5, 16, 850, '2019-08-20', '2019-08-30', 11, 0.89),
(334, 17, 6, 1, 1000, '2019-03-01', '2019-03-18', 18, 0.64),
(335, 17, 6, 2, 500, '2019-03-20', '2019-03-30', 11, 0.53),
(336, 17, 6, 3, 1100, '2019-04-27', '2019-05-10', 14, 0.91),
(337, 17, 6, 4, 1100, '2019-05-11', '2019-05-22', 12, 1.06),
(338, 17, 6, 5, 1100, '2019-05-23', '2019-06-02', 11, 1.16),
(339, 17, 6, 6, 1100, '2019-06-03', '2019-06-12', 10, 1.27),
(340, 17, 6, 7, 1100, '2019-06-13', '2019-06-21', 9, 1.41),
(341, 17, 6, 8, 1100, '2019-06-22', '2019-06-30', 9, 1.41),
(342, 17, 6, 9, 1150, '2019-07-01', '2019-07-09', 9, 1.48),
(343, 17, 6, 10, 1150, '2019-07-10', '2019-07-18', 9, 1.48),
(344, 17, 6, 11, 1150, '2019-07-18', '2019-07-27', 9, 1.48),
(345, 17, 6, 12, 1150, '2019-07-28', '2019-08-05', 9, 1.48),
(346, 17, 6, 13, 1150, '2019-08-06', '2019-08-15', 10, 1.33),
(347, 17, 6, 14, 1150, '2019-08-16', '2019-08-30', 15, 0.89),
(348, 17, 7, 1, 650, '2019-03-01', '2019-03-12', 12, 0.63),
(349, 17, 7, 2, 450, '2019-03-21', '2019-03-30', 10, 0.52),
(350, 17, 7, 3, 500, '2019-04-14', '2019-04-21', 8, 0.72),
(351, 17, 7, 4, 500, '2019-04-22', '2019-04-28', 7, 0.83),
(352, 17, 7, 5, 500, '2019-04-29', '2019-05-05', 7, 0.83),
(353, 17, 7, 6, 550, '2019-05-06', '2019-05-11', 6, 1.06),
(354, 17, 7, 7, 550, '2019-05-12', '2019-05-17', 6, 1.06),
(355, 17, 7, 8, 550, '2019-05-18', '2019-05-22', 5, 1.27),
(356, 17, 7, 9, 550, '2019-05-23', '2019-05-27', 5, 1.27),
(357, 17, 7, 10, 550, '2019-05-28', '2019-06-01', 5, 1.27),
(358, 17, 7, 11, 550, '2019-06-02', '2019-06-06', 5, 1.27),
(359, 17, 7, 12, 550, '2019-06-07', '2019-06-11', 5, 1.27),
(360, 17, 7, 13, 550, '2019-06-12', '2019-06-16', 5, 1.27),
(361, 17, 7, 14, 550, '2019-06-17', '2019-06-21', 5, 1.27),
(362, 17, 7, 15, 550, '2019-06-22', '2019-06-26', 5, 1.27),
(363, 17, 7, 16, 650, '2019-06-27', '2019-07-01', 5, 1.5),
(364, 17, 7, 17, 650, '2019-07-02', '2019-07-06', 5, 1.5),
(365, 17, 7, 18, 650, '2019-07-07', '2019-07-11', 5, 1.5),
(366, 17, 7, 19, 650, '2019-07-12', '2019-07-16', 5, 1.5),
(367, 17, 7, 20, 650, '2019-07-17', '2019-07-21', 5, 1.5),
(368, 17, 7, 21, 550, '2019-07-22', '2019-07-25', 4, 1.59),
(369, 17, 7, 22, 550, '2019-07-26', '2019-07-29', 4, 1.59),
(370, 17, 7, 23, 550, '2019-07-30', '2019-08-03', 4, 1.59),
(371, 17, 7, 24, 550, '2019-08-04', '2019-08-07', 5, 1.27),
(372, 17, 7, 25, 550, '2019-08-08', '2019-08-12', 5, 1.27),
(373, 17, 7, 26, 550, '2019-08-13', '2019-08-18', 6, 1.06),
(374, 17, 7, 27, 550, '2019-08-19', '2019-08-24', 6, 1.06),
(375, 17, 7, 28, 500, '2019-08-25', '2019-08-30', 6, 0.96),
(376, 17, 8, 1, 800, '2019-03-02', '2019-03-16', 15, 0.62),
(377, 17, 8, 2, 500, '2019-03-20', '2019-03-30', 11, 0.53),
(378, 17, 8, 3, 850, '2019-04-23', '2019-05-04', 12, 0.82),
(379, 17, 8, 4, 850, '2019-05-05', '2019-05-15', 11, 0.89),
(380, 17, 8, 5, 850, '2019-05-16', '2019-05-25', 10, 0.93),
(381, 17, 8, 6, 850, '2019-05-26', '2019-06-04', 10, 0.93),
(382, 17, 8, 7, 850, '2019-06-05', '2019-06-13', 9, 1.09),
(383, 17, 8, 8, 850, '2019-06-14', '2019-06-22', 9, 1.09),
(384, 17, 8, 9, 850, '2019-06-23', '2019-07-01', 9, 1.09),
(385, 17, 8, 10, 850, '2019-07-02', '2019-07-09', 8, 1.23),
(386, 17, 8, 11, 850, '2019-07-10', '2019-07-17', 8, 1.23),
(387, 17, 8, 12, 900, '2019-07-18', '2019-07-25', 8, 1.3),
(388, 17, 8, 13, 900, '2019-07-26', '2019-08-03', 8, 1.3),
(389, 17, 8, 14, 850, '2019-08-04', '2019-08-10', 8, 1.23),
(390, 17, 8, 15, 850, '2019-08-11', '2019-08-19', 9, 1.09),
(391, 17, 8, 16, 850, '2019-08-20', '2019-08-30', 11, 0.89),
(392, 17, 9, 1, 1000, '2019-03-01', '2019-03-19', 18, 0.64),
(393, 17, 9, 2, 500, '2019-03-20', '2019-03-30', 11, 0.53),
(394, 17, 9, 3, 1100, '2019-04-27', '2019-05-10', 14, 0.91),
(395, 17, 9, 4, 1100, '2019-05-11', '2019-05-22', 12, 1.06),
(396, 17, 9, 5, 1100, '2019-05-23', '2019-06-02', 11, 1.16),
(397, 17, 9, 6, 1100, '2019-06-03', '2019-06-12', 10, 1.27),
(398, 17, 9, 7, 1100, '2019-06-13', '2019-06-21', 9, 1.41),
(399, 17, 9, 8, 1100, '2019-06-22', '2019-06-30', 9, 1.41),
(400, 17, 9, 9, 1150, '2019-07-01', '2019-07-09', 9, 1.48),
(401, 17, 9, 10, 1150, '2019-07-10', '2019-07-18', 9, 1.48),
(402, 17, 9, 11, 1150, '2019-07-19', '2019-07-27', 9, 1.48),
(403, 17, 9, 12, 1150, '2019-07-28', '2019-08-05', 9, 1.48),
(404, 17, 9, 13, 1150, '2019-08-06', '2019-08-15', 10, 1.33),
(405, 17, 9, 14, 1150, '2019-08-16', '2019-08-30', 15, 0.89),
(468, 18, 6, 6, 1100, '2019-06-25', '2019-07-07', 13, 0.98),
(467, 18, 6, 5, 1100, '2019-06-15', '2019-06-24', 10, 1.27),
(466, 18, 6, 4, 1100, '2019-06-05', '2019-06-14', 10, 1.27),
(465, 18, 6, 3, 1100, '2019-05-25', '2019-06-04', 11, 1.16),
(464, 18, 6, 2, 1050, '2019-05-11', '2019-05-24', 14, 0.87),
(463, 18, 6, 1, 1000, '2019-03-10', '2019-03-27', 18, 0.64),
(462, 18, 5, 9, 800, '2019-07-12', '2019-07-24', 13, 0.77),
(461, 18, 5, 8, 800, '2019-07-02', '2019-07-11', 10, 0.93),
(460, 18, 5, 7, 800, '2019-06-24', '2019-07-01', 8, 1.16),
(459, 18, 5, 6, 850, '2019-06-16', '2019-06-23', 8, 1.23),
(458, 18, 5, 5, 800, '2019-06-08', '2019-06-15', 8, 1.23),
(457, 18, 5, 4, 850, '2019-05-30', '2019-06-07', 9, 1.09),
(456, 18, 5, 3, 800, '2019-05-21', '2019-05-29', 9, 1.03),
(455, 18, 5, 2, 800, '2019-05-10', '2019-05-20', 11, 0.84),
(454, 18, 5, 1, 800, '2019-03-13', '2019-03-27', 15, 0.62),
(453, 18, 4, 13, 500, '2019-07-17', '2019-07-24', 8, 0.72),
(452, 18, 4, 12, 550, '2019-07-10', '2019-07-16', 7, 0.91),
(451, 18, 4, 11, 550, '2019-07-03', '2019-07-09', 7, 0.91),
(450, 18, 4, 10, 550, '2019-06-27', '2019-07-03', 6, 1.06),
(449, 18, 4, 9, 600, '2019-06-21', '2019-06-26', 6, 1.16),
(448, 18, 4, 8, 650, '2019-06-15', '2019-06-20', 6, 1.25),
(447, 18, 4, 7, 650, '2019-06-09', '2019-06-14', 6, 1.25),
(446, 18, 4, 6, 650, '2019-06-03', '2019-06-08', 6, 1.25),
(445, 18, 4, 5, 600, '2019-05-27', '2019-06-03', 7, 0.99),
(444, 18, 4, 4, 600, '2019-05-20', '2019-05-26', 7, 0.99),
(443, 18, 4, 3, 600, '2019-05-12', '2019-05-19', 8, 0.87),
(442, 18, 4, 2, 600, '2019-05-03', '2019-05-11', 9, 0.77),
(441, 18, 4, 1, 650, '2019-04-03', '2019-04-14', 12, 0.63),
(440, 18, 3, 9, 800, '2019-07-12', '2019-07-24', 13, 0.71),
(439, 18, 3, 8, 800, '2019-07-01', '2019-07-11', 11, 0.84),
(438, 18, 3, 7, 850, '2019-06-22', '2019-06-30', 9, 1.09),
(437, 18, 3, 6, 850, '2019-06-14', '2019-06-21', 8, 1.23),
(436, 18, 3, 5, 850, '2019-06-06', '2019-06-13', 8, 1.23),
(435, 18, 3, 4, 800, '2019-05-28', '2019-06-05', 9, 1.03),
(434, 18, 3, 3, 800, '2019-05-18', '2019-05-27', 10, 0.93),
(433, 18, 3, 2, 800, '2019-05-07', '2019-05-17', 11, 0.84),
(432, 18, 3, 1, 900, '2019-03-12', '2019-03-27', 16, 0.65),
(431, 18, 2, 11, 650, '2019-07-21', '2019-07-24', 10, 0.75),
(430, 18, 2, 10, 650, '2019-07-06', '2019-07-14', 9, 0.84),
(429, 18, 2, 9, 700, '2019-06-28', '2019-07-05', 8, 1.01),
(428, 18, 2, 8, 700, '2019-06-21', '2019-06-27', 7, 1.16),
(427, 18, 2, 7, 750, '2019-06-14', '2019-06-20', 7, 1.24),
(426, 18, 2, 6, 750, '2019-06-07', '2019-06-13', 7, 1.24),
(425, 18, 2, 5, 700, '2019-05-30', '2019-06-06', 8, 1.01),
(424, 18, 2, 4, 700, '2019-05-22', '2019-05-29', 8, 1.01),
(423, 18, 2, 3, 650, '2019-05-13', '2019-05-21', 9, 0.84),
(422, 18, 2, 2, 650, '2019-05-04', '2019-05-12', 9, 0.84),
(421, 18, 2, 1, 650, '2019-03-19', '2019-03-30', 12, 0.63),
(420, 18, 1, 15, 500, '2019-07-17', '2019-07-24', 8, 0.72),
(419, 18, 1, 14, 500, '2019-07-10', '2019-07-16', 7, 0.83),
(418, 18, 1, 13, 500, '2019-07-03', '2019-07-09', 7, 0.83),
(417, 18, 1, 12, 550, '2019-06-26', '2019-07-02', 7, 0.91),
(416, 18, 1, 11, 550, '2019-06-20', '2019-06-25', 6, 1.06),
(415, 18, 1, 10, 550, '2019-06-15', '2019-06-19', 5, 1.27),
(414, 18, 1, 9, 550, '2019-06-10', '2019-06-14', 5, 1.27),
(413, 18, 1, 8, 500, '2019-06-05', '2019-06-09', 5, 1.16),
(412, 18, 1, 7, 500, '2019-05-31', '2019-06-04', 5, 1.16),
(411, 18, 1, 6, 500, '2019-05-25', '2019-05-30', 6, 0.96),
(410, 18, 1, 5, 500, '2019-05-19', '2019-05-24', 6, 0.96),
(409, 18, 1, 4, 500, '2019-05-13', '2019-05-18', 6, 0.96),
(408, 18, 1, 3, 500, '2019-06-07', '2019-05-12', 6, 0.96),
(407, 18, 1, 2, 500, '2019-05-01', '2019-05-06', 6, 0.96),
(406, 18, 1, 1, 500, '2019-04-06', '2019-04-14', 9, 0.64),
(469, 18, 6, 7, 1100, '2019-07-08', '2019-07-24', 17, 0.75),
(487, 19, 2, 4, 600, '2019-04-17', '2019-04-23', 7, 0.99),
(486, 19, 2, 3, 600, '2019-04-09', '2019-04-16', 8, 0.87),
(485, 19, 2, 2, 600, '2019-03-31', '2019-04-08', 9, 0.77),
(484, 19, 2, 1, 650, '2019-09-04', '2019-09-15', 12, 0.63),
(483, 19, 1, 14, 500, '2019-06-02', '2019-06-08', 7, 0.83),
(482, 19, 1, 13, 500, '2019-05-27', '2091-06-01', 6, 0.96),
(481, 19, 1, 12, 500, '2019-05-22', '2019-05-26', 5, 1.16),
(480, 19, 1, 11, 500, '2019-05-17', '2019-05-21', 5, 1.16),
(479, 19, 1, 10, 500, '2019-05-12', '2019-05-16', 5, 1.16),
(478, 19, 1, 9, 500, '2019-05-08', '2019-05-11', 4, 1.45),
(477, 19, 1, 8, 500, '2019-05-04', '2019-05-07', 4, 1.45),
(476, 19, 1, 7, 550, '2019-04-29', '2019-05-03', 5, 1.27),
(475, 19, 1, 6, 500, '2019-04-24', '2019-04-28', 5, 1.16),
(474, 19, 1, 5, 500, '2019-04-18', '2019-04-23', 6, 0.96),
(473, 19, 1, 4, 500, '2019-04-12', '2019-04-17', 6, 0.96),
(472, 19, 1, 3, 500, '2019-04-05', '2019-04-11', 7, 0.83),
(471, 19, 1, 2, 500, '2019-03-29', '2019-04-04', 7, 0.83),
(470, 19, 1, 1, 500, '2019-09-07', '2019-09-15', 9, 0.66),
(488, 19, 2, 5, 600, '2019-04-24', '2019-04-29', 6, 1.16),
(489, 19, 2, 6, 650, '2019-04-30', '2019-05-05', 6, 1.25),
(490, 19, 2, 7, 700, '2019-05-06', '2019-05-11', 6, 1.35),
(491, 19, 2, 8, 650, '2019-05-12', '2019-05-17', 6, 1.25),
(492, 19, 2, 9, 650, '2019-05-18', '2019-05-24', 7, 1.07),
(493, 19, 2, 10, 600, '2019-05-25', '2019-05-30', 7, 0.99),
(494, 19, 2, 11, 600, '2019-06-01', '2019-06-08', 8, 0.87),
(495, 19, 3, 1, 900, '2019-10-31', '2019-11-15', 16, 0.65),
(496, 19, 3, 2, 800, '2019-04-02', '2019-04-12', 11, 0.84),
(497, 19, 3, 3, 850, '2019-04-13', '2019-04-22', 10, 0.98),
(498, 19, 3, 4, 900, '2019-04-23', '2019-05-01', 9, 1.16),
(499, 19, 3, 5, 900, '2019-05-02', '2019-05-09', 9, 1.3),
(500, 19, 3, 6, 900, '2019-05-10', '2019-05-18', 9, 1.16),
(501, 19, 3, 7, 850, '2019-05-19', '2019-05-28', 10, 0.98),
(502, 19, 3, 8, 750, '2019-05-29', '2019-06-08', 11, 0.79),
(503, 19, 4, 1, 650, '2019-09-04', '2019-09-15', 12, 0.63),
(504, 19, 4, 2, 550, '2019-03-29', '2019-04-05', 8, 0.8),
(505, 19, 4, 3, 550, '2019-04-06', '2019-04-13', 8, 0.8),
(506, 19, 4, 4, 550, '2019-04-14', '2019-04-19', 6, 1.06),
(507, 19, 4, 5, 600, '2019-04-20', '2019-04-25', 6, 1.16),
(508, 19, 4, 6, 600, '2019-04-26', '2019-04-30', 5, 1.39),
(509, 19, 4, 7, 600, '2019-05-01', '2019-05-05', 5, 1.39),
(510, 19, 4, 8, 600, '2019-05-06', '2019-05-11', 6, 1.16),
(511, 19, 4, 9, 600, '2019-05-12', '2019-05-17', 6, 1.16),
(512, 19, 4, 10, 600, '2019-05-18', '2019-05-24', 7, 0.39),
(513, 19, 4, 11, 600, '2019-05-25', '2019-05-31', 7, 0.99),
(514, 19, 4, 12, 600, '2019-06-01', '2019-06-08', 8, 0.87),
(515, 19, 5, 1, 800, '2019-11-01', '2019-11-15', 15, 0.62),
(516, 19, 5, 2, 800, '2019-04-04', '2019-04-14', 11, 0.84),
(518, 19, 5, 4, 900, '2019-04-25', '2019-05-03', 9, 1.16),
(519, 19, 5, 5, 900, '2019-05-04', '2019-05-11', 8, 1.3),
(520, 19, 5, 6, 900, '2019-05-12', '2019-05-20', 9, 1.16),
(521, 19, 5, 7, 800, '2019-05-21', '2019-05-29', 9, 1.03),
(522, 19, 5, 8, 700, '2019-05-30', '2019-06-08', 10, 0.81),
(523, 19, 6, 1, 1000, '2019-10-29', '2019-11-15', 18, 0.64),
(524, 19, 6, 2, 950, '2019-04-05', '2019-04-16', 12, 0.92),
(525, 19, 6, 3, 1000, '2019-04-17', '2019-04-26', 10, 1.16),
(526, 19, 6, 4, 1000, '2019-04-27', '2019-05-05', 9, 1.29),
(527, 19, 6, 5, 1000, '2019-06-01', '2019-05-15', 10, 1.16),
(528, 19, 6, 6, 1000, '2019-05-16', '2019-05-26', 11, 1.05),
(529, 19, 6, 7, 1000, '2019-05-27', '2019-06-08', 13, 0.89),
(530, 19, 7, 1, 650, '2019-09-04', '2019-09-15', 12, 0.63),
(531, 19, 7, 2, 550, '2019-03-29', '2019-04-05', 8, 0.8),
(532, 19, 7, 3, 550, '2019-04-06', '2019-04-13', 8, 0.8),
(533, 19, 7, 4, 550, '2019-04-16', '2019-04-19', 6, 1.06),
(534, 19, 7, 5, 600, '2019-04-20', '2019-04-25', 6, 1.16),
(535, 19, 7, 6, 600, '2019-04-26', '2019-04-30', 5, 1.39),
(536, 19, 7, 7, 600, '2019-05-01', '2019-05-05', 5, 1.39),
(537, 19, 7, 8, 600, '2019-05-06', '2019-05-11', 6, 1.16),
(538, 19, 7, 9, 600, '2019-05-12', '2019-05-17', 6, 1.16),
(539, 19, 7, 10, 600, '2019-05-18', '2019-05-24', 7, 0.39),
(540, 19, 7, 11, 600, '2019-05-25', '2019-05-31', 7, 0.99),
(541, 19, 7, 12, 600, '2019-06-01', '2019-06-08', 8, 0.87),
(542, 19, 8, 1, 800, '2019-11-01', '2019-11-15', 15, 0.62),
(543, 19, 8, 2, 800, '2019-04-04', '2019-04-14', 11, 0.84),
(544, 19, 8, 3, 850, '2019-04-15', '2019-04-24', 10, 0.98),
(545, 19, 8, 4, 900, '2019-04-25', '2019-05-03', 9, 1.16),
(546, 19, 8, 5, 900, '2019-05-04', '2019-05-11', 8, 1.3),
(547, 19, 8, 6, 900, '2019-05-12', '2019-05-20', 9, 1.16),
(548, 19, 8, 7, 800, '2019-05-21', '2019-05-29', 9, 1.03),
(549, 19, 8, 8, 700, '2019-05-31', '2019-06-08', 10, 0.81),
(550, 19, 9, 1, 1000, '2019-10-29', '2019-11-15', 18, 0.64),
(551, 19, 9, 2, 950, '2019-04-05', '2019-04-16', 12, 0.92),
(552, 19, 9, 3, 1000, '2019-04-17', '2019-04-26', 10, 1.16),
(553, 19, 9, 4, 1000, '2019-04-27', '2019-05-05', 9, 1.29),
(554, 19, 9, 5, 1000, '2019-05-06', '2019-05-15', 10, 1.16),
(555, 19, 9, 6, 1000, '2019-05-16', '2019-05-26', 11, 1.05),
(556, 19, 9, 7, 1000, '2019-05-27', '2019-06-08', 13, 0.89),
(517, 19, 5, 3, 850, '2019-04-15', '2019-04-24', 10, 0.98),
(571, 20, 1, 15, 500, '2019-09-09', '2019-09-14', 6, 0.96),
(570, 20, 1, 14, 500, '2019-09-04', '2019-09-08', 5, 1.16),
(569, 20, 1, 13, 500, '2019-08-30', '2019-09-03', 5, 1.16),
(568, 20, 1, 12, 500, '2019-08-25', '2019-08-29', 5, 1.16),
(567, 20, 1, 11, 500, '2019-08-21', '2019-08-24', 4, 1.45),
(566, 20, 1, 10, 550, '2019-08-17', '2019-08-20', 4, 1.6),
(565, 20, 1, 9, 550, '2019-08-13', '2019-08-16', 4, 1.6),
(564, 20, 1, 8, 500, '2019-08-08', '2019-08-12', 5, 1.16),
(563, 20, 1, 7, 500, '2019-08-02', '2019-08-07', 6, 0.96),
(562, 20, 1, 6, 500, '2019-07-27', '2019-08-01', 6, 0.96),
(561, 20, 1, 5, 500, '2019-07-21', '2019-07-26', 6, 0.96),
(560, 20, 1, 4, 500, '2019-07-15', '2019-07-20', 6, 0.96),
(559, 20, 1, 3, 500, '2019-07-09', '2019-07-14', 6, 0.96),
(558, 20, 1, 2, 500, '2019-07-02', '2019-07-08', 7, 0.83),
(557, 20, 1, 1, 500, '2019-06-07', '2019-06-25', 9, 0.64),
(572, 20, 1, 16, 500, '2019-09-15', '2019-09-20', 6, 0.96),
(573, 20, 1, 17, 500, '2019-09-21', '2019-09-26', 6, 0.96),
(574, 20, 1, 18, 500, '2019-09-27', '2019-10-03', 7, 0.83),
(575, 20, 1, 19, 500, '2019-10-04', '2019-10-10', 7, 0.83),
(576, 20, 1, 20, 500, '2019-10-11', '2019-10-18', 8, 0.72),
(577, 20, 2, 1, 650, '2019-06-14', '2019-06-25', 12, 0.63),
(578, 20, 2, 2, 650, '2019-07-05', '2019-07-13', 9, 0.84),
(579, 20, 2, 3, 650, '2019-07-14', '2019-07-21', 8, 0.94),
(580, 20, 2, 4, 650, '2019-07-22', '2019-07-29', 8, 0.94),
(581, 20, 2, 5, 650, '2019-07-30', '2019-08-05', 7, 1.07),
(582, 20, 2, 6, 650, '2019-08-06', '2019-08-11', 6, 1.25),
(583, 20, 2, 7, 750, '2019-08-12', '2019-08-17', 6, 1.45),
(584, 20, 2, 8, 700, '2019-08-18', '2019-08-23', 6, 1.35),
(585, 20, 2, 9, 700, '2019-08-24', '2019-08-30', 7, 1.16),
(586, 20, 2, 10, 650, '2019-08-31', '2019-09-06', 7, 1.07),
(587, 20, 2, 11, 650, '2019-09-07', '2019-09-14', 8, 0.94),
(588, 20, 2, 12, 650, '2019-09-15', '2019-09-22', 8, 0.94),
(589, 20, 2, 13, 650, '2019-09-23', '2019-10-01', 9, 0.84),
(590, 20, 2, 14, 600, '2019-10-02', '2019-10-10', 9, 0.84),
(591, 20, 2, 15, 600, '2019-10-11', '2019-10-20', 10, 0.69),
(592, 20, 3, 1, 900, '2019-06-10', '2019-06-25', 16, 0.65),
(593, 20, 3, 2, 850, '2019-07-08', '2019-07-19', 12, 0.82),
(594, 20, 3, 3, 850, '2019-07-20', '2019-07-30', 11, 0.89),
(595, 20, 3, 4, 900, '2019-07-31', '2019-08-08', 9, 1.16),
(596, 20, 3, 5, 950, '2019-08-09', '2019-08-16', 8, 1.37),
(597, 20, 3, 6, 900, '2019-08-17', '2019-08-25', 9, 1.16),
(598, 20, 3, 7, 900, '2019-08-26', '2019-09-03', 9, 1.16),
(599, 20, 3, 8, 900, '2019-09-04', '2019-09-13', 10, 1.04),
(600, 20, 3, 9, 900, '2019-09-14', '2019-09-24', 11, 0.95),
(601, 20, 3, 10, 850, '2019-09-25', '2019-10-07', 13, 0.76),
(602, 20, 3, 11, 750, '2019-10-08', '2019-10-20', 13, 0.66),
(603, 20, 4, 1, 650, '2019-06-14', '2019-06-25', 12, 0.63),
(604, 20, 4, 2, 550, '2019-07-03', '2019-07-10', 8, 0.8),
(605, 20, 4, 3, 550, '2019-07-11', '2019-07-17', 7, 0.91),
(606, 20, 4, 4, 550, '2019-07-18', '2019-07-24', 7, 0.91),
(607, 20, 4, 5, 550, '2019-07-25', '2019-07-30', 6, 1.06),
(608, 20, 4, 6, 600, '2019-07-31', '2019-08-05', 6, 1.16),
(609, 20, 4, 7, 600, '2019-08-06', '2019-08-11', 6, 1.16),
(610, 20, 4, 8, 600, '2019-08-12', '2019-08-16', 5, 1.39),
(611, 20, 4, 9, 600, '2019-08-17', '2019-08-22', 6, 1.16),
(612, 20, 4, 10, 600, '2019-08-23', '2019-08-28', 6, 1.16),
(613, 20, 4, 11, 600, '2019-08-29', '2019-09-03', 6, 1.16),
(614, 20, 4, 12, 550, '2019-09-04', '2019-09-09', 6, 1.06),
(615, 20, 4, 13, 550, '2019-09-10', '2019-09-15', 6, 1.06),
(616, 20, 4, 14, 550, '2019-09-16', '2019-09-21', 6, 1.06),
(617, 20, 4, 15, 500, '2019-09-22', '2019-09-27', 6, 0.96),
(618, 20, 4, 16, 500, '2019-09-28', '2019-10-04', 7, 0.83),
(619, 20, 4, 17, 500, '2019-10-05', '2019-10-11', 7, 0.33),
(620, 20, 4, 18, 500, '2019-10-12', '2019-10-20', 9, 0.64),
(621, 20, 5, 1, 800, '2019-06-11', '2019-06-25', 15, 0.62),
(622, 20, 5, 2, 850, '2019-07-10', '2019-07-21', 12, 0.82),
(623, 20, 5, 3, 850, '2019-07-22', '2019-08-01', 11, 0.89),
(624, 20, 5, 4, 850, '2019-08-02', '2019-08-09', 8, 1.23),
(625, 20, 5, 5, 900, '2019-08-10', '2019-08-17', 8, 1.38),
(626, 20, 5, 6, 850, '2019-08-18', '2019-08-25', 8, 1.23),
(627, 20, 5, 7, 850, '2019-08-26', '2019-09-03', 9, 1.09),
(628, 20, 5, 8, 850, '2019-09-04', '2019-09-13', 10, 0.98),
(629, 20, 5, 9, 850, '2019-09-14', '2019-09-23', 10, 0.98),
(630, 20, 5, 10, 850, '2019-09-24', '2019-10-05', 12, 0.82),
(631, 20, 5, 11, 850, '2019-10-06', '2019-10-07', 15, 0.66),
(632, 20, 6, 1, 1000, '2019-06-08', '2019-06-25', 18, 0.64),
(633, 20, 6, 2, 1050, '2019-07-12', '2019-07-26', 15, 0.81),
(634, 20, 6, 3, 1100, '2019-07-27', '2019-08-06', 11, 1.16),
(635, 20, 6, 4, 1100, '2019-08-07', '2019-08-16', 10, 1.27),
(636, 20, 6, 5, 1100, '2019-08-17', '2019-08-26', 10, 1.27),
(637, 20, 6, 6, 1100, '2019-08-27', '2019-09-05', 10, 1.27),
(638, 20, 6, 7, 1100, '2019-09-06', '2019-09-16', 11, 1.16),
(639, 20, 6, 8, 1100, '2019-09-17', '2019-10-01', 15, 0.85),
(640, 20, 6, 9, 1100, '2019-10-02', '2019-10-20', 19, 0.67),
(641, 20, 7, 1, 650, '2019-06-14', '2019-06-25', 12, 0.63),
(642, 20, 7, 2, 550, '2019-07-03', '2019-07-10', 8, 0.8),
(643, 20, 7, 3, 550, '2019-07-11', '2019-07-17', 7, 0.91),
(644, 20, 7, 4, 550, '2019-07-18', '2019-07-24', 7, 0.91),
(645, 20, 7, 5, 550, '2019-07-25', '2019-07-30', 6, 1.06),
(646, 20, 7, 6, 600, '2019-07-31', '2019-08-05', 6, 1.16),
(647, 20, 7, 7, 600, '2019-08-06', '2019-08-11', 6, 1.16),
(648, 20, 7, 8, 600, '2019-08-12', '2019-08-16', 5, 1.39),
(649, 20, 7, 9, 600, '2019-08-17', '2019-08-22', 6, 1.16),
(650, 20, 7, 10, 600, '2019-08-23', '2019-08-28', 6, 1.16),
(651, 20, 7, 11, 600, '2019-08-29', '2019-09-03', 6, 1.16),
(652, 20, 7, 12, 550, '2019-09-04', '2019-09-09', 6, 1.06),
(653, 20, 7, 13, 550, '2019-09-10', '2019-09-15', 6, 1.06),
(654, 20, 7, 14, 550, '2019-09-16', '2019-09-21', 6, 1.06),
(655, 20, 7, 15, 500, '2019-09-22', '2019-09-27', 6, 0.96),
(656, 20, 7, 16, 500, '2019-09-28', '2019-10-04', 7, 0.83),
(657, 20, 7, 17, 500, '2019-10-05', '2019-10-11', 7, 0.33),
(658, 20, 7, 18, 500, '2019-10-12', '2019-10-20', 9, 0.64),
(659, 20, 8, 1, 800, '2019-06-11', '2019-10-25', 15, 0.62),
(660, 20, 8, 2, 850, '2019-07-10', '2019-07-21', 12, 0.82),
(661, 20, 8, 3, 850, '2019-07-22', '2019-08-01', 11, 0.89),
(662, 20, 8, 4, 850, '2019-08-02', '2019-08-09', 8, 1.23),
(663, 20, 8, 5, 900, '2019-08-10', '2019-08-17', 8, 1.38),
(664, 20, 8, 6, 850, '2019-08-18', '2019-08-25', 8, 1.23),
(665, 20, 8, 7, 850, '2019-08-26', '2019-09-03', 9, 1.09),
(666, 20, 8, 8, 850, '2019-09-04', '2019-09-13', 10, 0.98),
(667, 20, 8, 9, 850, '2019-09-14', '2019-09-23', 10, 0.98),
(668, 20, 8, 10, 850, '2019-09-24', '2019-10-05', 12, 0.82),
(669, 20, 8, 11, 850, '2019-10-06', '2019-10-07', 15, 0.66),
(670, 20, 9, 1, 1000, '2019-06-08', '2019-06-25', 18, 0.64),
(671, 20, 9, 2, 1050, '2019-07-12', '2019-07-26', 15, 0.81),
(672, 20, 9, 3, 1100, '2019-07-27', '2019-08-06', 11, 1.16),
(673, 20, 9, 4, 1100, '2019-08-07', '2019-08-16', 10, 1.27),
(674, 20, 9, 5, 1100, '2019-08-17', '2019-08-26', 10, 1.27),
(675, 20, 9, 6, 1100, '2019-08-27', '2019-09-05', 10, 1.27),
(676, 20, 9, 7, 1100, '2019-09-06', '2019-09-16', 11, 1.16),
(677, 20, 9, 8, 1100, '2019-09-17', '2019-10-01', 15, 0.85),
(678, 20, 9, 9, 1100, '2019-10-02', '2019-10-20', 19, 0.67),
(679, 6, 1, 1, 600, '2019-03-12', '2019-03-22', 11, 0.63),
(680, 6, 1, 2, 600, '2019-03-23', '2019-04-02', 11, 0.63),
(681, 6, 1, 3, 600, '2019-04-03', '2019-04-10', 8, 0.87),
(682, 6, 1, 4, 650, '2019-04-11', '2019-04-18', 8, 0.94),
(683, 6, 1, 5, 700, '2019-04-19', '2019-04-26', 8, 1.01),
(684, 6, 1, 6, 750, '2019-04-27', '2019-05-04', 8, 1.09),
(685, 6, 1, 7, 750, '2019-05-05', '2019-05-12', 8, 1.09),
(686, 6, 1, 8, 800, '2019-05-13', '2019-05-20', 8, 1.16),
(687, 6, 1, 9, 800, '2019-05-21', '2019-05-27', 7, 1.32),
(688, 6, 1, 10, 800, '2019-05-28', '2019-06-02', 6, 1.54),
(689, 6, 1, 11, 800, '2019-06-03', '2019-06-08', 6, 1.54),
(690, 6, 1, 12, 800, '2019-06-09', '2019-06-14', 6, 1.54),
(691, 6, 1, 13, 800, '2019-06-15', '2019-06-21', 7, 1.32),
(692, 6, 1, 14, 800, '2019-06-22', '2019-06-28', 7, 1.32),
(693, 6, 1, 15, 800, '2019-06-29', '2019-07-05', 7, 1.32),
(694, 6, 1, 16, 800, '2019-07-06', '2019-07-13', 8, 1.16),
(695, 6, 1, 17, 850, '2019-07-14', '2019-07-22', 9, 1.09),
(696, 6, 1, 18, 850, '2019-07-23', '2019-08-01', 10, 0.98),
(697, 6, 1, 19, 800, '2019-08-02', '2019-08-14', 13, 0.71),
(698, 6, 1, 20, 800, '2019-08-15', '2019-08-29', 15, 0.62),
(699, 6, 1, 21, 800, '2019-08-30', '2019-09-14', 16, 0.58),
(700, 6, 1, 22, 800, '2019-09-15', '2019-10-03', 19, 0.46),
(701, 6, 1, 23, 800, '2019-10-04', '2019-10-24', 21, 0.44),
(702, 6, 2, 1, 1300, '2019-02-11', '2019-03-06', 24, 0.63),
(703, 6, 2, 2, 750, '2019-04-06', '2019-04-15', 10, 0.87),
(704, 6, 2, 3, 800, '2019-04-16', '2019-04-25', 10, 0.93),
(705, 6, 2, 4, 1000, '2019-04-26', '2019-05-05', 10, 1.16),
(706, 6, 2, 5, 1000, '2019-05-06', '2019-05-15', 10, 1.16),
(707, 6, 2, 6, 1000, '2019-05-16', '2019-05-24', 9, 1.25),
(708, 6, 2, 7, 1500, '2019-05-25', '2019-06-01', 8, 1.52),
(709, 6, 2, 8, 1500, '2019-06-02', '2019-06-09', 8, 1.52),
(710, 6, 2, 9, 1000, '2019-06-10', '2019-06-17', 8, 1.45),
(711, 6, 2, 10, 1000, '2019-06-18', '2019-06-26', 9, 1.29),
(712, 6, 2, 11, 1000, '2019-06-27', '2019-07-05', 9, 1.29),
(713, 6, 2, 12, 1000, '2019-07-06', '2019-07-16', 11, 1.05),
(714, 6, 2, 13, 1000, '2019-07-17', '2019-07-28', 12, 0.96),
(715, 6, 2, 14, 1000, '2019-07-29', '2019-08-14', 17, 0.68),
(716, 6, 2, 15, 1000, '2019-08-15', '2019-09-03', 20, 0.58),
(717, 6, 2, 16, 1000, '2019-09-04', '2019-09-27', 24, 0.48),
(718, 6, 2, 17, 1000, '2019-09-28', '2019-10-24', 27, 0.43),
(719, 6, 3, 1, 1700, '2019-01-31', '2019-03-02', 31, 0.63),
(720, 6, 3, 2, 1000, '2019-04-09', '2019-04-21', 13, 0.89),
(721, 6, 3, 3, 1100, '2019-04-22', '2019-05-03', 12, 1.06),
(722, 6, 3, 4, 1100, '2019-05-04', '2019-05-14', 11, 1.16),
(723, 6, 3, 5, 1250, '2019-05-15', '2019-05-25', 11, 1.32),
(724, 6, 3, 6, 1250, '2019-05-26', '2019-06-04', 10, 1.45),
(725, 6, 3, 7, 1250, '2019-06-05', '2019-06-14', 10, 1.45),
(726, 6, 3, 8, 1250, '2019-06-15', '2019-06-25', 11, 1.32),
(727, 6, 3, 9, 1250, '2019-06-26', '2019-07-07', 12, 1.21),
(728, 6, 3, 10, 1250, '2019-07-08', '2019-07-21', 14, 1.03),
(729, 6, 3, 11, 1100, '2019-07-22', '2019-08-08', 18, 0.71),
(730, 6, 3, 12, 1100, '2019-08-09', '2019-08-31', 23, 0.55),
(731, 6, 3, 13, 1000, '2019-09-01', '2019-09-26', 26, 0.45),
(732, 6, 3, 14, 1000, '2019-09-27', '2019-10-24', 28, 0.41),
(733, 6, 4, 1, 1100, '2019-02-15', '2019-03-06', 20, 0.64),
(734, 6, 4, 2, 800, '2019-04-05', '2019-04-14', 10, 0.93),
(735, 6, 4, 3, 850, '2019-04-15', '2019-04-24', 10, 0.98),
(736, 6, 4, 4, 900, '2019-04-25', '2019-05-03', 9, 1.16),
(737, 6, 4, 5, 900, '2019-05-04', '2019-05-12', 9, 1.16),
(738, 6, 4, 6, 900, '2019-05-13', '2019-05-20', 8, 1.3),
(739, 6, 4, 7, 900, '2019-05-21', '2019-05-28', 8, 1.37),
(740, 6, 4, 8, 950, '2019-05-29', '2019-06-05', 8, 1.37),
(741, 6, 4, 9, 950, '2019-06-06', '2019-06-12', 7, 1.56),
(742, 6, 4, 10, 950, '2019-06-13', '2019-06-19', 7, 1.56),
(743, 6, 4, 11, 950, '2019-06-20', '2019-06-27', 8, 1.37),
(744, 6, 4, 12, 950, '2019-06-28', '2019-07-06', 9, 1.22),
(745, 6, 4, 13, 900, '2019-07-07', '2019-07-15', 9, 1.16),
(746, 6, 4, 14, 900, '2019-07-16', '2019-07-25', 10, 1.04),
(747, 6, 4, 15, 850, '2019-07-26', '2019-08-08', 14, 0.7),
(748, 6, 4, 16, 850, '2019-08-09', '2019-08-24', 16, 0.62),
(749, 6, 4, 17, 850, '2019-08-25', '2019-09-11', 18, 0.55),
(750, 6, 4, 18, 850, '2019-09-12', '2019-10-01', 20, 0.49),
(751, 6, 4, 19, 850, '2019-10-02', '2019-10-24', 23, 0.43),
(752, 6, 5, 1, 1550, '2019-02-03', '2019-03-02', 28, 0.64),
(753, 6, 5, 2, 850, '2019-04-12', '2019-04-24', 13, 0.76),
(754, 6, 5, 3, 850, '2019-04-25', '2019-05-06', 12, 0.82),
(755, 6, 5, 4, 850, '2019-05-07', '2019-05-16', 10, 0.98),
(756, 6, 5, 5, 850, '2019-05-17', '2019-05-25', 9, 1.09),
(757, 6, 5, 6, 900, '2019-05-26', '2019-06-03', 9, 1.16),
(758, 6, 5, 7, 900, '2019-06-04', '2019-06-12', 9, 1.16),
(759, 6, 5, 8, 850, '2019-06-13', '2019-06-21', 9, 1.09),
(760, 6, 5, 9, 850, '2019-06-22', '2019-07-01', 10, 0.98),
(761, 6, 5, 10, 850, '2019-07-02', '2019-07-12', 11, 0.89),
(762, 6, 5, 11, 850, '2019-07-13', '2019-07-24', 12, 0.82),
(763, 6, 5, 12, 850, '2019-07-25', '2019-08-09', 16, 0.62),
(764, 6, 5, 13, 850, '2019-08-10', '2019-08-31', 22, 0.45),
(765, 6, 5, 14, 800, '2019-09-01', '2019-09-26', 26, 0.36),
(766, 6, 5, 15, 800, '2019-09-27', '2019-10-24', 28, 0.32),
(767, 6, 6, 1, 1800, '2019-01-29', '2019-03-02', 33, 0.63),
(768, 6, 6, 2, 1100, '2019-04-15', '2019-04-28', 14, 0.91),
(769, 6, 6, 3, 1300, '2019-04-29', '2019-05-12', 14, 1.08),
(770, 6, 6, 4, 1400, '2019-05-13', '2019-05-25', 13, 1.25),
(771, 6, 6, 5, 1400, '2019-05-26', '2019-06-06', 12, 1.35),
(772, 6, 6, 6, 1400, '2019-06-07', '2019-06-18', 12, 1.35),
(773, 6, 6, 7, 1400, '2019-06-19', '2019-07-01', 13, 1.25),
(774, 6, 6, 8, 1400, '2019-07-02', '2019-07-15', 14, 1.16),
(775, 6, 6, 9, 1200, '2019-07-16', '2019-07-30', 15, 0.93),
(776, 6, 6, 10, 1200, '2019-07-31', '2019-08-22', 23, 0.6),
(777, 6, 6, 11, 1200, '2019-08-23', '2019-09-21', 30, 0.46),
(778, 6, 6, 12, 1150, '2019-09-22', '2019-10-24', 33, 0.4),
(779, 6, 7, 1, 1100, '2019-02-15', '2019-03-06', 20, 0.64),
(780, 6, 7, 2, 800, '2019-04-07', '2019-04-14', 10, 0.93),
(781, 6, 7, 3, 850, '2019-04-15', '2019-04-24', 10, 0.98),
(782, 6, 7, 4, 900, '2019-04-25', '2019-05-03', 9, 1.16),
(783, 6, 7, 5, 900, '2019-05-04', '2019-05-12', 9, 1.16),
(784, 6, 7, 6, 900, '2019-05-13', '2019-05-20', 8, 1.3),
(785, 6, 7, 7, 900, '2019-05-21', '2019-05-28', 8, 1.37),
(786, 6, 7, 8, 950, '2019-05-29', '2019-06-05', 8, 1.37),
(787, 6, 7, 9, 950, '2019-06-06', '2019-06-12', 7, 1.56),
(788, 6, 7, 10, 950, '2019-06-13', '2019-06-19', 7, 1.56),
(789, 6, 7, 11, 950, '2019-06-20', '2019-06-27', 8, 1.37),
(790, 6, 7, 12, 950, '2019-06-28', '2019-07-06', 9, 1.22),
(791, 6, 7, 13, 900, '2019-07-07', '2019-07-15', 9, 1.16),
(792, 6, 7, 14, 900, '2019-07-16', '2019-07-25', 10, 1.04),
(793, 6, 7, 15, 850, '2019-07-26', '2019-08-08', 14, 0.7),
(794, 6, 7, 16, 850, '2019-08-09', '2019-08-24', 16, 0.62),
(795, 6, 7, 17, 850, '2019-08-25', '2019-09-11', 18, 0.55),
(796, 6, 7, 18, 850, '2019-09-12', '2019-10-01', 20, 0.49),
(797, 6, 7, 19, 850, '2019-10-02', '2019-10-24', 23, 0.43),
(798, 6, 8, 1, 1550, '2019-02-03', '2019-03-02', 28, 0.64),
(799, 6, 8, 2, 850, '2019-04-12', '2019-04-24', 13, 0.76),
(800, 6, 8, 3, 850, '2019-04-25', '2019-05-06', 12, 0.82),
(801, 6, 8, 4, 850, '2019-05-07', '2019-05-16', 10, 0.98),
(802, 6, 8, 5, 850, '2019-05-17', '2019-05-25', 9, 1.09),
(803, 6, 8, 6, 900, '2019-05-26', '2019-06-03', 9, 1.16),
(804, 6, 8, 7, 900, '2019-06-04', '2019-06-12', 9, 1.16),
(805, 6, 8, 8, 850, '2019-06-13', '2019-06-21', 9, 1.09),
(806, 6, 8, 9, 850, '2019-06-22', '2019-07-01', 10, 0.98),
(807, 6, 8, 10, 850, '2019-07-02', '2019-07-12', 11, 0.89),
(808, 6, 8, 11, 850, '2019-07-13', '2019-07-24', 12, 0.82),
(809, 6, 8, 12, 850, '2019-07-25', '2019-08-09', 16, 0.62),
(810, 6, 8, 13, 850, '2019-08-10', '2019-08-31', 22, 0.45),
(811, 6, 8, 14, 800, '2019-09-01', '2019-09-26', 26, 0.36),
(812, 6, 8, 15, 800, '2019-09-27', '2019-10-24', 28, 0.32),
(813, 6, 9, 1, 1800, '2019-01-29', '2019-03-02', 33, 0.63),
(814, 6, 9, 2, 1100, '2019-04-15', '2019-04-28', 14, 0.91),
(815, 6, 9, 3, 1300, '2019-04-29', '2019-05-12', 14, 1.08),
(816, 6, 9, 4, 1400, '2019-05-13', '2019-05-25', 13, 1.25),
(817, 6, 9, 5, 1400, '2019-05-26', '2019-06-06', 12, 1.35),
(818, 6, 9, 6, 1400, '2019-06-07', '2019-06-18', 12, 1.35),
(819, 6, 9, 7, 1400, '2019-06-19', '2019-07-01', 13, 1.25),
(820, 6, 9, 8, 1400, '2019-07-02', '2019-07-15', 14, 1.16),
(821, 6, 9, 9, 1200, '2019-07-16', '2019-07-30', 15, 0.93),
(822, 6, 9, 10, 1200, '2019-07-31', '2019-08-22', 23, 0.6),
(823, 6, 9, 11, 1200, '2019-08-23', '2019-09-21', 30, 0.46),
(824, 6, 9, 12, 1150, '2019-09-22', '2019-10-24', 33, 0.4),
(825, 10, 1, 1, 500, '2019-03-17', '2019-04-01', 16, 0.36),
(826, 10, 1, 2, 500, '2019-04-02', '2019-04-17', 16, 0.36),
(827, 10, 1, 3, 500, '2019-04-18', '2019-04-30', 13, 0.45),
(828, 10, 1, 4, 500, '2019-05-01', '2019-05-12', 12, 0.48),
(829, 10, 1, 5, 550, '2019-05-15', '2019-05-24', 10, 0.64),
(830, 10, 1, 6, 550, '2019-05-25', '2019-06-02', 9, 0.71),
(831, 10, 1, 7, 550, '2019-06-03', '2019-06-11', 9, 0.71),
(832, 10, 1, 8, 550, '2019-06-12', '2019-06-19', 8, 0.8),
(833, 10, 1, 9, 550, '2019-06-20', '2019-06-27', 9, 0.8),
(834, 10, 1, 10, 550, '2019-06-28', '2019-07-05', 9, 0.8),
(835, 10, 1, 11, 550, '2019-07-06', '2019-06-12', 7, 0.91),
(836, 10, 1, 12, 600, '2019-06-13', '2019-06-19', 7, 0.99),
(837, 10, 1, 13, 600, '2019-06-20', '2019-06-25', 6, 1.16),
(838, 10, 1, 14, 650, '2019-06-26', '2019-07-31', 6, 1.25),
(839, 10, 1, 15, 650, '2019-08-01', '2019-08-06', 6, 1.25),
(840, 10, 1, 16, 600, '2019-08-07', '2019-08-12', 6, 1.16),
(841, 10, 1, 17, 600, '2019-08-13', '2019-08-19', 7, 0.99),
(842, 10, 1, 18, 600, '2019-08-20', '2019-08-26', 7, 0.99),
(843, 10, 1, 19, 600, '2019-08-27', '2019-09-02', 7, 0.99),
(844, 10, 1, 20, 600, '2019-09-03', '2019-09-10', 8, 0.87),
(845, 10, 1, 21, 600, '2019-09-11', '2019-09-19', 9, 0.77),
(846, 10, 1, 22, 600, '2019-09-20', '2019-09-28', 9, 0.77),
(847, 10, 1, 23, 50, '2019-09-29', '2019-10-07', 9, 0.71),
(848, 10, 1, 24, 500, '2019-10-08', '2019-10-16', 9, 0.64),
(849, 10, 2, 1, 500, '2019-03-17', '2019-04-01', 16, 0.36),
(850, 10, 2, 2, 500, '2019-04-02', '2019-04-17', 16, 0.36),
(851, 10, 2, 3, 500, '2019-04-18', '2019-04-30', 13, 0.45),
(852, 10, 2, 4, 500, '2019-05-01', '2019-05-12', 12, 0.48),
(853, 10, 2, 5, 650, '2019-05-17', '2019-05-28', 12, 0.63),
(854, 10, 2, 6, 650, '2019-05-29', '2019-06-08', 11, 0.68),
(855, 10, 2, 7, 650, '2019-06-09', '2019-06-18', 10, 0.75),
(856, 10, 2, 8, 700, '2019-06-19', '2019-06-28', 10, 0.81),
(857, 10, 2, 9, 700, '2019-06-29', '2019-07-07', 9, 0.9),
(858, 10, 2, 10, 700, '2019-07-08', '2019-07-16', 9, 0.9),
(859, 10, 2, 11, 750, '2019-07-17', '2019-07-24', 8, 1.09),
(860, 10, 2, 12, 700, '2019-07-25', '2019-07-31', 7, 1.16),
(861, 10, 2, 13, 700, '2019-07-25', '2019-08-07', 7, 1.16),
(862, 10, 2, 14, 700, '2019-08-01', '2019-08-15', 8, 1.01),
(863, 10, 2, 15, 700, '2019-08-16', '2019-08-23', 8, 1.01),
(864, 10, 2, 16, 700, '2019-08-24', '2019-09-01', 9, 0.9),
(865, 10, 2, 17, 700, '2019-09-02', '2019-09-11', 10, 0.81),
(866, 10, 2, 18, 700, '2019-09-12', '2019-09-22', 11, 0.74),
(867, 10, 2, 19, 700, '2019-09-23', '2019-10-04', 12, 0.68),
(868, 10, 2, 20, 650, '2019-10-05', '2019-10-16', 12, 0.63),
(869, 10, 3, 1, 600, '2019-03-20', '2019-04-08', 20, 0.35),
(870, 10, 3, 2, 600, '2019-04-09', '2019-04-28', 20, 0.35),
(871, 10, 3, 3, 600, '2019-04-29', '2019-05-13', 15, 0.46),
(872, 10, 3, 4, 800, '2019-05-20', '2019-06-02', 14, 0.66),
(873, 10, 3, 5, 850, '2019-06-03', '2019-06-16', 14, 0.7),
(874, 10, 3, 6, 900, '2019-06-17', '2019-06-29', 13, 0.8),
(875, 10, 3, 7, 950, '2019-06-30', '2019-06-12', 13, 0.85),
(876, 10, 3, 8, 950, '2019-07-13', '2019-06-23', 11, 1),
(877, 10, 3, 9, 1000, '2019-07-24', '2019-08-03', 11, 1.05),
(878, 10, 3, 10, 1000, '2019-09-04', '2019-08-14', 11, 1.05),
(879, 10, 3, 11, 1000, '2019-08-15', '2019-08-26', 12, 0.96),
(880, 10, 3, 12, 1050, '2019-08-27', '2019-09-11', 16, 0.76),
(881, 10, 3, 13, 1050, '2019-09-12', '2019-08-28', 17, 0.71),
(882, 10, 3, 14, 1050, '2019-09-29', '2019-10-16', 18, 0.64),
(883, 10, 4, 1, 500, '2019-03-17', '2019-04-01', 16, 0.36),
(884, 10, 4, 2, 500, '2019-04-02', '2019-04-17', 16, 0.36),
(885, 10, 4, 3, 500, '2019-04-18', '2019-04-30', 13, 0.45),
(886, 10, 4, 4, 500, '2019-05-01', '2019-05-12', 12, 0.48),
(887, 10, 4, 5, 650, '2019-05-16', '2019-05-27', 12, 0.63),
(888, 10, 4, 6, 650, '2019-05-28', '2019-06-07', 11, 0.68),
(889, 10, 4, 7, 650, '2019-06-08', '2019-06-17', 10, 0.75),
(890, 10, 4, 8, 650, '2019-06-18', '2019-06-26', 9, 0.84),
(891, 10, 4, 9, 650, '2019-06-27', '2019-07-05', 9, 0.84),
(892, 10, 4, 10, 700, '2019-07-06', '2019-07-14', 9, 0.9),
(893, 10, 4, 11, 700, '2019-07-15', '2019-07-22', 8, 1.01),
(894, 10, 4, 12, 700, '2019-07-23', '2019-07-30', 8, 1.01),
(895, 10, 4, 13, 700, '2019-07-31', '2019-08-06', 7, 1.16),
(896, 10, 4, 14, 700, '2019-08-07', '2019-08-13', 7, 1.16),
(897, 10, 4, 15, 700, '2019-08-14', '2019-08-20', 7, 1.16),
(898, 10, 4, 16, 650, '2019-08-21', '2019-08-27', 7, 1.07),
(899, 10, 4, 17, 650, '2019-08-28', '2019-09-04', 8, 0.94),
(900, 10, 4, 18, 650, '2019-09-05', '2019-09-13', 9, 0.84),
(901, 10, 4, 19, 650, '2019-09-14', '2019-09-23', 10, 0.75),
(902, 10, 4, 20, 650, '2019-09-24', '2019-10-04', 11, 0.68),
(903, 10, 4, 21, 650, '2019-10-05', '2019-10-16', 12, 0.63),
(904, 10, 5, 1, 600, '2019-03-20', '2019-04-08', 20, 0.35),
(905, 10, 5, 2, 600, '2019-04-09', '2019-04-28', 20, 0.35),
(906, 10, 5, 3, 600, '2019-04-29', '2019-05-13', 15, 0.46),
(907, 10, 5, 4, 800, '2019-05-20', '2019-06-02', 14, 0.66),
(908, 10, 5, 5, 850, '2019-06-03', '2019-06-16', 14, 0.7),
(909, 10, 5, 6, 900, '2019-06-17', '2019-06-29', 13, 0.8),
(910, 10, 5, 7, 950, '2019-06-30', '2019-07-12', 13, 0.85),
(911, 10, 5, 8, 950, '2019-07-13', '2019-07-23', 11, 1),
(912, 10, 5, 9, 1000, '2019-07-24', '2019-08-03', 11, 1.05),
(913, 10, 5, 10, 1000, '2019-08-04', '2019-08-14', 11, 1.05),
(914, 10, 5, 11, 1000, '2019-08-15', '2019-08-28', 12, 0.96),
(915, 10, 5, 12, 1050, '2019-08-27', '2019-09-11', 16, 0.76),
(916, 10, 5, 13, 1050, '2019-09-12', '2019-09-27', 17, 0.71),
(917, 10, 5, 14, 1050, '2019-09-29', '2019-10-16', 18, 0.64),
(918, 10, 6, 1, 600, '2019-03-20', '2019-04-08', 20, 0.35),
(919, 10, 6, 2, 600, '2019-04-09', '2019-04-28', 20, 0.35),
(920, 10, 6, 3, 600, '2019-04-29', '2019-05-13', 15, 0.46),
(921, 10, 6, 4, 800, '2019-05-20', '2019-06-02', 14, 0.66),
(922, 10, 6, 5, 850, '2019-06-03', '2019-06-16', 14, 0.7),
(923, 10, 6, 6, 900, '2019-06-17', '2019-06-29', 13, 0.8),
(924, 10, 6, 7, 950, '2019-06-30', '2019-07-12', 13, 0.85),
(925, 10, 6, 8, 950, '2019-07-13', '2019-07-23', 11, 1),
(926, 10, 6, 9, 1000, '2019-07-24', '2019-08-03', 11, 1.05),
(927, 10, 6, 10, 1000, '2019-08-04', '2019-08-14', 11, 1.05),
(928, 10, 6, 11, 1000, '2019-08-15', '2019-08-28', 12, 0.96),
(929, 10, 6, 12, 1050, '2019-08-27', '2019-09-11', 16, 0.76),
(930, 10, 6, 13, 1050, '2019-09-12', '2019-09-27', 17, 0.71),
(931, 10, 6, 14, 1050, '2019-09-29', '2019-10-16', 18, 0.64),
(932, 10, 7, 1, 500, '2019-03-17', '2019-04-01', 16, 0.36),
(933, 10, 7, 2, 500, '2019-04-02', '2019-04-17', 16, 0.36),
(934, 10, 7, 3, 500, '2019-04-18', '2019-04-30', 13, 0.45),
(935, 10, 7, 4, 500, '2019-05-01', '2019-05-12', 12, 0.48),
(936, 10, 7, 5, 650, '2019-05-16', '2019-05-27', 12, 0.63),
(937, 10, 7, 6, 650, '2019-05-28', '2019-06-07', 11, 0.68),
(938, 10, 7, 7, 650, '2019-06-08', '2019-06-17', 10, 0.75),
(939, 10, 7, 8, 650, '2019-06-18', '2019-06-26', 9, 0.84),
(940, 10, 7, 9, 650, '2019-06-27', '2019-07-05', 9, 0.84),
(941, 10, 7, 10, 700, '2019-07-06', '2019-07-14', 9, 0.9),
(942, 10, 7, 11, 700, '2019-07-15', '2019-07-22', 8, 1.01),
(943, 10, 7, 12, 700, '2019-07-23', '2019-07-30', 8, 1.01),
(944, 10, 7, 13, 700, '2019-07-31', '2019-08-06', 7, 1.16),
(945, 10, 7, 14, 700, '2019-08-07', '2019-08-13', 7, 1.16),
(946, 10, 7, 15, 700, '2019-08-14', '2019-08-20', 7, 1.16),
(947, 10, 7, 16, 650, '2019-08-21', '2019-08-27', 7, 1.07),
(948, 10, 7, 17, 650, '2019-08-28', '2019-09-04', 8, 0.94),
(949, 10, 7, 18, 650, '2019-09-05', '2019-09-13', 9, 0.84),
(950, 10, 7, 19, 650, '2019-09-14', '2019-09-23', 10, 0.75),
(951, 10, 7, 20, 650, '2019-09-24', '2019-10-04', 11, 0.68),
(952, 10, 7, 21, 650, '2019-10-05', '2019-10-16', 12, 0.63),
(953, 10, 8, 1, 600, '2019-03-20', '2019-04-08', 20, 0.35),
(954, 10, 8, 2, 600, '2019-04-09', '2019-04-28', 20, 0.35),
(955, 10, 8, 3, 600, '2019-04-29', '2019-05-13', 15, 0.46),
(956, 10, 8, 4, 800, '2019-05-20', '2019-06-02', 14, 0.66);
INSERT INTO `watering` (`id`, `agricultural_id`, `module_id`, `watering_id`, `square`, `date_from`, `date_to`, `duration`, `speed`) VALUES
(957, 10, 8, 5, 850, '2019-06-03', '2019-06-16', 14, 0.7),
(958, 10, 8, 6, 900, '2019-06-17', '2019-06-29', 13, 0.8),
(959, 10, 8, 7, 950, '2019-06-30', '2019-07-12', 13, 0.85),
(960, 10, 8, 8, 950, '2019-07-13', '2019-07-23', 11, 1),
(961, 10, 8, 9, 1000, '2019-07-24', '2019-08-03', 11, 1.05),
(962, 10, 8, 10, 1000, '2019-08-04', '2019-08-14', 11, 1.05),
(963, 10, 8, 11, 1000, '2019-08-15', '2019-08-26', 12, 0.96),
(964, 10, 8, 12, 1050, '2019-08-27', '2019-09-11', 16, 0.76),
(965, 10, 8, 13, 1050, '2019-09-12', '2019-09-28', 17, 0.71),
(966, 10, 8, 14, 1050, '2019-09-29', '2019-10-16', 18, 0.64),
(967, 10, 9, 1, 600, '2019-03-20', '2019-04-08', 20, 0.35),
(968, 10, 9, 2, 600, '2019-04-09', '2019-04-28', 20, 0.35),
(969, 10, 9, 3, 600, '2019-04-29', '2019-05-13', 15, 0.46),
(970, 10, 9, 4, 800, '2019-05-20', '2019-06-02', 14, 0.66),
(971, 10, 9, 5, 850, '2019-06-03', '2019-06-16', 14, 0.7),
(972, 10, 9, 6, 900, '2019-06-17', '2019-06-29', 13, 0.8),
(973, 10, 9, 7, 950, '2019-06-30', '2019-07-12', 13, 0.85),
(974, 10, 9, 8, 950, '2019-07-13', '2019-07-23', 11, 1),
(975, 10, 9, 9, 1000, '2019-07-24', '2019-08-03', 11, 1.05),
(976, 10, 9, 10, 1000, '2019-08-04', '2019-08-14', 11, 1.05),
(977, 10, 9, 11, 1000, '2019-08-15', '2019-08-26', 12, 0.96),
(978, 10, 9, 12, 1050, '2019-08-27', '2019-09-11', 16, 0.76),
(979, 10, 9, 13, 1050, '2019-09-12', '2019-09-28', 17, 0.71),
(980, 10, 9, 14, 1050, '2019-09-29', '2019-10-16', 18, 0.64),
(981, 13, 1, 1, 950, '2019-03-02', '2019-03-19', 18, 0.61),
(982, 13, 1, 2, 700, '2019-04-17', '2019-04-30', 14, 0.58),
(983, 13, 1, 3, 700, '2019-05-01', '2019-05-13', 13, 0.62),
(984, 13, 1, 4, 700, '2019-05-14', '2019-05-26', 13, 0.62),
(985, 13, 1, 5, 700, '2019-05-27', '2019-06-07', 12, 0.68),
(986, 13, 1, 6, 700, '2019-06-08', '2019-06-18', 11, 0.74),
(987, 13, 1, 7, 700, '2019-06-19', '2019-06-29', 11, 0.74),
(988, 13, 1, 8, 700, '2019-06-30', '2019-07-09', 10, 0.81),
(989, 13, 1, 9, 750, '2019-07-10', '2019-07-18', 9, 0.96),
(990, 13, 1, 10, 700, '2019-07-19', '2019-07-27', 9, 0.9),
(991, 13, 1, 11, 700, '2019-07-28', '2019-08-06', 10, 0.81),
(992, 13, 1, 12, 700, '2019-08-07', '2019-08-18', 12, 0.68),
(993, 13, 1, 13, 700, '2019-08-19', '2019-08-31', 13, 0.62),
(994, 13, 1, 14, 700, '2010-09-01', '2019-09-15', 15, 0.54),
(995, 13, 1, 15, 700, '2019-09-16', '2019-10-01', 16, 0.51),
(996, 13, 2, 1, 1250, '2019-02-22', '2019-03-16', 23, 0.63),
(997, 13, 2, 2, 900, '2019-04-21', '2019-05-08', 18, 0.58),
(998, 13, 2, 3, 900, '2019-05-09', '2019-05-25', 17, 0.61),
(999, 13, 2, 4, 900, '2019-05-26', '2019-12-10', 16, 0.65),
(1000, 13, 2, 5, 950, '2019-06-11', '2019-06-25', 15, 0.73),
(1001, 13, 2, 6, 950, '2019-06-26', '2019-06-08', 13, 0.85),
(1002, 13, 2, 7, 950, '2019-07-09', '2019-07-20', 12, 0.92),
(1003, 13, 2, 8, 950, '2019-07-21', '2019-08-02', 13, 0.85),
(1004, 13, 2, 9, 950, '2019-08-03', '2019-08-19', 17, 0.65),
(1005, 13, 2, 10, 950, '2019-08-20', '2019-09-08', 20, 0.55),
(1006, 13, 2, 11, 950, '2010-09-09', '2019-10-01', 23, 0.48),
(1007, 13, 3, 1, 1700, '2019-02-09', '2019-03-11', 31, 0.63),
(1008, 13, 3, 2, 1250, '2019-04-24', '2019-05-18', 25, 0.58),
(1009, 13, 3, 3, 1250, '2019-05-19', '2019-06-10', 23, 0.63),
(1010, 13, 3, 4, 1250, '2019-06-11', '2019-06-01', 21, 0.69),
(1011, 13, 3, 5, 1300, '2019-07-02', '2019-07-18', 17, 0.89),
(1012, 13, 3, 6, 1300, '2019-07-19', '2019-08-05', 18, 0.84),
(1013, 13, 3, 7, 1300, '2019-08-06', '2019-08-29', 24, 0.63),
(1014, 13, 3, 8, 1300, '2019-08-30', '2019-10-01', 32, 0.46),
(1015, 13, 4, 1, 1100, '2019-02-25', '2019-03-16', 20, 0.63),
(1016, 13, 4, 2, 800, '2019-04-21', '2019-05-07', 17, 0.54),
(1017, 13, 4, 3, 800, '2019-05-08', '2019-05-22', 15, 0.62),
(1018, 13, 4, 4, 800, '2019-05-23', '2019-06-05', 14, 0.66),
(1019, 13, 4, 5, 800, '2019-06-06', '2019-06-19', 14, 0.66),
(1020, 13, 4, 6, 800, '2019-06-20', '2019-07-01', 12, 0.77),
(1021, 13, 4, 7, 800, '2019-07-02', '2019-07-11', 10, 0.93),
(1022, 13, 4, 8, 800, '2019-07-12', '2019-06-21', 10, 0.93),
(1023, 13, 4, 9, 800, '2019-07-22', '2019-08-01', 11, 0.84),
(1024, 13, 4, 10, 800, '2019-08-02', '2019-08-14', 13, 0.71),
(1025, 13, 4, 11, 800, '2019-08-15', '2019-08-28', 14, 0.66),
(1026, 13, 5, 1, 1550, '2019-02-11', '2019-03-11', 29, 0.62),
(1027, 13, 5, 2, 800, '2019-05-01', '2019-05-22', 22, 0.42),
(1028, 13, 5, 3, 800, '2019-05-23', '2019-06-11', 20, 0.46),
(1029, 13, 5, 4, 850, '2019-06-12', '2019-06-28', 17, 0.54),
(1030, 13, 5, 5, 850, '2019-06-29', '2019-07-13', 15, 0.66),
(1031, 13, 5, 6, 850, '2019-07-14', '2019-07-28', 15, 0.66),
(1032, 13, 5, 7, 850, '2019-07-29', '2019-08-14', 17, 0.58),
(1033, 13, 5, 8, 850, '2019-08-15', '2019-08-02', 19, 0.52),
(1034, 13, 5, 9, 850, '2019-09-03', '2019-10-01', 29, 0.34),
(1035, 13, 6, 1, 1950, '2019-02-05', '2019-03-11', 35, 0.64),
(1036, 13, 6, 2, 1400, '2019-05-05', '2019-06-02', 29, 0.56),
(1037, 13, 6, 3, 1400, '2019-06-03', '2019-06-23', 23, 0.77),
(1038, 13, 6, 4, 1450, '2019-06-24', '2019-07-13', 20, 0.84),
(1039, 13, 6, 5, 1450, '2019-07-14', '2019-08-02', 20, 0.84),
(1040, 13, 6, 6, 1400, '2019-08-03', '2019-08-27', 25, 0.65),
(1041, 13, 6, 7, 1400, '2019-08-28', '2019-10-01', 35, 0.46),
(1042, 14, 1, 1, 1000, '2019-03-11', '2019-03-19', 19, 0.61),
(1043, 14, 1, 2, 1000, '2019-04-25', '2019-05-12', 18, 0.64),
(1044, 14, 1, 3, 1000, '2019-05-13', '2019-05-29', 17, 0.68),
(1045, 14, 1, 4, 1000, '2019-05-30', '2019-06-12', 14, 0.83),
(1046, 14, 1, 5, 1000, '2019-06-13', '2019-06-25', 13, 0.89),
(1047, 14, 1, 6, 1000, '2019-06-26', '2019-07-08', 13, 0.89),
(1048, 14, 1, 7, 1050, '2019-07-09', '2019-07-19', 11, 0.1),
(1049, 14, 1, 8, 1000, '2019-07-20', '2019-07-30', 11, 1.05),
(1050, 14, 1, 9, 1000, '2019-07-31', '2019-08-12', 13, 0.89),
(1051, 14, 1, 10, 1000, '2019-08-13', '2019-08-28', 16, 0.72),
(1052, 14, 1, 11, 950, '2019-08-29', '2019-09-14', 17, 0.65),
(1053, 14, 1, 12, 900, '2019-09-15', '2019-10-01', 17, 0.61),
(1054, 14, 2, 1, 1450, '2019-02-18', '2019-03-16', 27, 0.62),
(1055, 14, 2, 2, 1450, '2019-04-29', '2019-05-24', 26, 0.65),
(1056, 14, 2, 3, 1500, '2019-05-25', '2019-06-15', 22, 0.79),
(1057, 14, 2, 4, 1500, '2019-06-16', '2019-07-05', 20, 0.87),
(1058, 14, 2, 5, 1500, '2019-07-06', '2019-07-21', 16, 1.09),
(1059, 14, 2, 6, 1500, '2019-07-22', '2019-08-09', 19, 0.91),
(1060, 14, 2, 7, 1500, '2019-08-10', '2019-09-02', 24, 0.72),
(1061, 14, 2, 8, 1500, '2019-09-03', '2019-10-01', 29, 0.6),
(1062, 14, 3, 1, 1900, '2019-02-05', '2019-03-11', 35, 0.63),
(1063, 14, 3, 2, 1950, '2019-05-02', '2019-06-05', 35, 0.64),
(1064, 14, 3, 3, 2000, '2019-06-06', '2019-07-03', 28, 0.83),
(1065, 14, 3, 4, 2000, '2019-07-04', '2019-07-26', 23, 1.01),
(1066, 14, 3, 5, 2000, '2019-07-27', '2019-08-21', 26, 0.89),
(1067, 14, 3, 6, 2000, '2019-08-22', '2019-10-01', 41, 0.56),
(1068, 14, 4, 1, 1250, '2019-02-22', '2019-03-16', 23, 0.63),
(1069, 14, 4, 2, 1250, '2019-04-27', '2019-05-23', 27, 0.54),
(1070, 14, 4, 3, 1250, '2019-05-24', '2019-06-16', 24, 0.6),
(1071, 14, 4, 4, 1250, '2019-06-17', '2019-07-07', 21, 0.69),
(1072, 14, 4, 5, 1250, '2019-06-08', '2019-07-24', 17, 0.85),
(1073, 14, 4, 6, 1250, '2019-07-25', '2019-08-11', 18, 0.8),
(1074, 14, 4, 7, 1250, '2019-08-12', '2019-09-02', 22, 0.66),
(1075, 14, 4, 8, 1250, '2019-09-03', '2019-10-01', 29, 0.5),
(1076, 14, 5, 1, 1700, '2019-02-09', '2019-03-11', 31, 0.63),
(1077, 14, 5, 2, 1150, '2019-05-07', '2019-06-08', 33, 0.4),
(1078, 14, 5, 3, 1200, '2019-06-09', '2019-07-05', 27, 0.51),
(1079, 14, 5, 4, 1200, '2019-07-06', '2019-07-28', 23, 0.6),
(1080, 14, 5, 5, 1200, '2019-07-29', '2019-08-22', 25, 0.56),
(1081, 14, 5, 6, 1200, '2019-08-23', '2019-10-01', 40, 0.35),
(1082, 14, 6, 1, 2100, '2019-02-01', '2019-03-11', 39, 0.62),
(1083, 14, 6, 2, 2400, '2019-05-11', '2019-07-02', 53, 0.52),
(1084, 14, 6, 3, 2450, '2019-07-03', '2019-08-12', 41, 0.69),
(1085, 14, 6, 4, 2400, '2019-08-13', '2019-10-01', 50, 0.56),
(1086, 11, 1, 1, 950, '2019-03-02', '2019-03-19', 18, 0.61),
(1087, 11, 1, 2, 650, '2019-04-12', '2019-04-24', 13, 0.58),
(1088, 11, 1, 3, 650, '2019-04-25', '2019-05-06', 12, 0.63),
(1089, 11, 1, 4, 650, '2019-05-07', '2019-05-18', 12, 0.63),
(1090, 11, 1, 5, 700, '2019-05-19', '2019-05-30', 12, 0.68),
(1091, 11, 1, 6, 700, '2019-05-31', '2019-06-10', 11, 0.74),
(1092, 11, 1, 7, 700, '2019-06-11', '2019-06-21', 11, 0.74),
(1093, 11, 1, 8, 700, '2019-06-22', '2019-07-01', 10, 0.81),
(1094, 11, 1, 9, 700, '2019-07-02', '2019-07-11', 10, 0.81),
(1095, 11, 1, 10, 700, '2019-07-12', '2019-07-20', 9, 0.9),
(1096, 11, 1, 11, 700, '2019-07-21', '2019-07-28', 8, 1.01),
(1097, 11, 1, 12, 700, '2019-07-29', '2019-08-05', 8, 1.01),
(1098, 11, 1, 13, 700, '2019-08-06', '2019-08-14', 9, 0.9),
(1099, 11, 1, 14, 700, '2019-08-15', '2019-08-25', 11, 0.74),
(1100, 11, 1, 15, 650, '2019-08-26', '2019-09-05', 11, 0.68),
(1101, 11, 1, 16, 650, '2019-09-06', '2019-09-17', 12, 0.63),
(1102, 11, 1, 17, 650, '2019-09-18', '2019-10-01', 14, 0.54),
(1103, 11, 2, 1, 1250, '2019-02-22', '2019-03-16', 23, 0.63),
(1104, 11, 2, 2, 950, '2019-04-16', '2019-05-04', 19, 0.58),
(1105, 11, 2, 3, 950, '2019-05-05', '2019-05-21', 17, 0.65),
(1106, 11, 2, 4, 950, '2019-05-22', '2019-06-06', 16, 0.69),
(1107, 11, 2, 5, 950, '2019-06-07', '2019-06-21', 15, 0.73),
(1108, 11, 2, 6, 950, '2019-06-22', '2019-07-05', 14, 0.79),
(1109, 11, 2, 7, 950, '2019-07-06', '2019-07-18', 13, 0.85),
(1110, 11, 2, 8, 1000, '2019-07-19', '2019-07-30', 12, 0.96),
(1111, 11, 2, 9, 1000, '2019-07-31', '2019-08-12', 13, 0.89),
(1112, 11, 2, 10, 950, '2019-08-13', '2019-08-27', 15, 0.73),
(1113, 11, 2, 11, 900, '2019-08-28', '2019-09-11', 15, 0.69),
(1114, 11, 2, 12, 900, '2019-09-12', '2019-10-01', 20, 0.52),
(1115, 11, 3, 1, 1700, '2019-02-09', '2019-03-11', 31, 0.63),
(1116, 11, 3, 2, 1300, '2019-04-19', '2019-05-13', 25, 0.6),
(1117, 11, 3, 3, 1300, '2019-05-14', '2019-06-05', 23, 0.65),
(1118, 11, 3, 4, 1300, '2019-06-06', '2019-06-26', 21, 0.72),
(1119, 11, 3, 5, 1300, '2019-06-27', '2019-07-14', 18, 0.84),
(1120, 11, 3, 6, 1300, '2019-07-15', '2019-07-30', 16, 0.94),
(1121, 11, 3, 7, 1300, '2019-07-31', '2019-08-16', 17, 0.89),
(1122, 11, 3, 8, 1150, '2019-08-17', '2019-09-07', 22, 0.62),
(1123, 11, 3, 9, 1000, '2019-08-08', '2019-10-01', 24, 0.47),
(1124, 11, 4, 1, 1100, '2019-02-25', '2019-03-16', 20, 0.63),
(1125, 11, 4, 2, 800, '2019-04-16', '2019-05-01', 16, 0.58),
(1126, 11, 4, 3, 800, '2019-05-02', '2019-05-15', 14, 0.66),
(1127, 11, 4, 4, 800, '2019-05-16', '2019-05-28', 13, 0.71),
(1128, 11, 4, 5, 800, '2019-05-29', '2019-06-09', 12, 0.77),
(1129, 11, 4, 6, 800, '2019-06-10', '2019-06-21', 12, 0.77),
(1130, 11, 4, 7, 850, '2019-06-22', '2019-07-03', 12, 0.82),
(1131, 11, 4, 8, 850, '2019-07-04', '2019-07-14', 11, 0.9),
(1132, 11, 4, 9, 850, '2019-07-15', '2019-07-24', 10, 0.99),
(1133, 11, 4, 10, 850, '2019-07-25', '2019-08-04', 11, 0.9),
(1134, 11, 4, 11, 900, '2019-08-05', '2019-08-16', 12, 0.87),
(1135, 11, 4, 12, 800, '2019-08-17', '2019-08-29', 13, 0.71),
(1136, 11, 4, 13, 800, '2019-08-30', '2019-09-12', 14, 0.66),
(1137, 11, 4, 14, 800, '2019-09-13', '2019-10-01', 19, 0.49),
(1138, 11, 5, 1, 1550, '2019-02-11', '2019-03-11', 29, 0.62),
(1139, 11, 5, 2, 850, '2019-04-24', '2019-05-14', 21, 0.47),
(1140, 11, 5, 3, 850, '2019-05-15', '2019-06-03', 20, 0.49),
(1141, 11, 5, 4, 850, '2019-06-04', '2019-06-21', 18, 0.55),
(1142, 11, 5, 5, 850, '2019-06-22', '2019-07-07', 16, 0.62),
(1143, 11, 5, 6, 850, '2019-07-08', '2019-07-22', 15, 0.66),
(1144, 11, 5, 7, 800, '2019-07-23', '2019-08-04', 13, 0.71),
(1145, 11, 5, 8, 800, '2019-08-05', '2019-08-18', 14, 0.66),
(1146, 11, 5, 9, 800, '2019-08-19', '2019-09-07', 20, 0.46),
(1147, 11, 5, 10, 800, '2019-09-08', '2019-10-01', 24, 0.39),
(1148, 11, 6, 1, 1950, '2019-02-05', '2019-03-11', 35, 0.64),
(1149, 11, 6, 2, 1350, '2019-04-28', '2019-05-23', 26, 0.6),
(1150, 11, 6, 3, 1350, '2019-05-24', '2019-06-15', 23, 0.68),
(1151, 11, 6, 4, 1350, '2019-06-16', '2019-07-06', 20, 0.78),
(1152, 11, 6, 5, 1350, '2019-07-06', '2019-07-22', 17, 0.92),
(1153, 11, 6, 6, 1350, '2019-07-23', '2019-08-09', 18, 0.87),
(1154, 11, 6, 7, 1350, '2019-08-10', '2019-09-02', 24, 0.65),
(1155, 11, 6, 8, 1350, '2019-09-03', '2019-10-01', 29, 0.54),
(1156, 15, 1, 1, 450, '2019-03-01', '2019-03-15', 15, 0.35),
(1157, 15, 1, 2, 450, '2019-03-16', '2019-03-28', 13, 0.4),
(1158, 15, 1, 3, 450, '2019-03-29', '2019-04-08', 11, 0.47),
(1159, 15, 1, 4, 450, '2019-04-09', '2019-04-19', 11, 0.47),
(1160, 15, 1, 5, 450, '2019-04-20', '2019-04-29', 10, 0.52),
(1161, 15, 1, 6, 450, '2019-04-30', '2019-04-09', 10, 0.52),
(1162, 15, 1, 7, 450, '2019-05-10', '2019-05-18', 9, 0.58),
(1163, 15, 1, 8, 450, '2019-05-19', '2019-05-27', 9, 0.65),
(1164, 15, 1, 9, 450, '2019-05-28', '2019-06-04', 8, 0.83),
(1165, 15, 1, 10, 500, '2019-06-05', '2019-06-11', 7, 0.96),
(1166, 15, 1, 11, 500, '2019-06-12', '2019-06-17', 6, 0.96),
(1167, 15, 1, 12, 500, '2019-06-18', '2019-06-23', 6, 1.16),
(1168, 15, 1, 13, 500, '2019-06-24', '2019-06-28', 5, 1.16),
(1169, 15, 1, 14, 500, '2019-06-29', '2019-07-03', 5, 1.16),
(1170, 15, 1, 15, 500, '2019-07-04', '2019-07-08', 5, 1.16),
(1171, 15, 1, 16, 500, '2019-07-09', '2019-07-13', 5, 1.45),
(1172, 15, 1, 17, 500, '2019-07-14', '2019-07-17', 4, 1.45),
(1173, 15, 1, 18, 500, '2019-07-18', '2019-07-21', 4, 1.45),
(1174, 15, 1, 19, 500, '2019-07-22', '2019-07-25', 4, 1.45),
(1175, 15, 1, 20, 500, '2019-07-26', '2019-07-29', 4, 1.45),
(1176, 15, 1, 21, 500, '2010-07-30', '2019-08-02', 4, 1.45),
(1177, 15, 1, 22, 500, '2019-08-03', '2019-08-07', 5, 1.45),
(1178, 15, 1, 23, 500, '2019-08-08', '2019-08-13', 6, 0.96),
(1179, 15, 1, 24, 500, '2019-08-14', '2019-08-19', 6, 0.96),
(1180, 15, 1, 25, 450, '2019-08-20', '2019-08-26', 7, 0.74),
(1181, 15, 1, 26, 450, '2019-08-27', '2019-09-02', 7, 0.74),
(1182, 15, 1, 27, 450, '2019-09-03', '2019-09-19', 8, 0.65),
(1183, 15, 1, 28, 450, '2019-09-11', '2019-09-18', 8, 0.65),
(1184, 15, 1, 29, 450, '2019-09-19', '2019-09-27', 9, 0.58),
(1185, 15, 1, 30, 450, '2019-09-28', '2019-10-06', 9, 0.58),
(1186, 15, 1, 31, 450, '2019-10-07', '2019-10-17', 11, 0.47),
(1187, 15, 1, 32, 450, '2019-10-18', '2019-10-29', 12, 0.43),
(1188, 15, 1, 33, 450, '2019-10-30', '2019-11-10', 12, 0.43),
(1189, 15, 1, 34, 450, '2019-11-11', '2019-11-25', 14, 0.37),
(1190, 15, 1, 35, 450, '2019-11-26', '2019-12-10', 15, 0.35),
(1191, 12, 1, 1, 1000, '2019-03-01', '2019-03-19', 19, 0.61),
(1192, 12, 1, 2, 1000, '2019-04-20', '2019-05-07', 18, 0.64),
(1193, 12, 1, 3, 1000, '2019-05-08', '2019-05-24', 17, 0.68),
(1194, 12, 1, 4, 1000, '2019-05-25', '2019-06-09', 16, 0.72),
(1195, 12, 1, 5, 1000, '2019-06-10', '2019-06-23', 14, 0.83),
(1196, 12, 1, 6, 1000, '2019-06-24', '2019-07-06', 13, 0.89),
(1197, 12, 1, 7, 1000, '2019-07-07', '2019-07-17', 11, 1.05),
(1198, 12, 1, 8, 1000, '2019-07-18', '2019-07-27', 10, 1.16),
(1199, 12, 1, 9, 1000, '2019-07-28', '2019-08-07', 11, 1.05),
(1200, 12, 1, 10, 1000, '2019-07-08', '2019-08-18', 11, 1.05),
(1201, 12, 1, 11, 1000, '2019-08-31', '2019-09-13', 14, 0.83),
(1202, 12, 1, 12, 1000, '2019-09-14', '2019-10-01', 18, 0.64),
(1203, 12, 2, 1, 1450, '2019-02-18', '2019-03-16', 27, 0.62),
(1204, 12, 2, 2, 1450, '2019-04-24', '2019-05-19', 26, 1.65),
(1205, 12, 2, 3, 1450, '2019-05-20', '2019-06-12', 24, 1.7),
(1206, 12, 2, 4, 1450, '2019-06-13', '2019-06-02', 20, 0.84),
(1207, 12, 2, 5, 1450, '2019-07-03', '2019-07-19', 17, 0.99),
(1208, 12, 2, 6, 1450, '2019-07-20', '2019-08-03', 15, 1.12),
(1209, 12, 2, 7, 1400, '2019-08-04', '2019-08-19', 16, 1.01),
(1210, 12, 2, 8, 1400, '2019-08-20', '2019-09-05', 17, 0.95),
(1211, 12, 2, 9, 1400, '2019-09-06', '2019-10-01', 26, 0.62),
(1212, 12, 3, 1, 1900, '2019-02-05', '2019-03-11', 35, 0.63),
(1213, 12, 3, 2, 1900, '2019-04-27', '2019-05-30', 34, 0.65),
(1214, 12, 3, 3, 1900, '2019-05-31', '2019-06-26', 27, 0.81),
(1215, 12, 3, 4, 1900, '2019-06-27', '2019-07-20', 24, 0.94),
(1216, 12, 3, 5, 1900, '2019-07-21', '2019-08-10', 21, 1.05),
(1217, 12, 3, 6, 1900, '2019-08-11', '2019-09-03', 24, 0.94),
(1218, 12, 3, 7, 1400, '2019-09-04', '2019-10-01', 28, 0.58),
(1219, 12, 4, 1, 1250, '2019-02-22', '2019-03-16', 23, 0.9),
(1220, 12, 4, 2, 1200, '2019-04-22', '2019-05-17', 26, 0.53),
(1221, 12, 4, 3, 1200, '2019-05-18', '2019-06-11', 25, 0.56),
(1222, 12, 4, 4, 1200, '2019-06-12', '2019-06-30', 19, 0.73),
(1223, 12, 4, 5, 1200, '2019-07-01', '2019-07-17', 17, 0.82),
(1224, 12, 4, 6, 1200, '2019-07-18', '2019-08-01', 15, 0.93),
(1225, 12, 4, 7, 1200, '2019-08-02', '2019-08-17', 16, 0.87),
(1226, 12, 4, 8, 1200, '2019-08-18', '2019-09-04', 18, 0.77),
(1227, 12, 4, 9, 1200, '2019-09-05', '2019-10-01', 27, 0.51),
(1228, 12, 5, 1, 1700, '2019-02-09', '2019-03-11', 31, 0.63),
(1229, 12, 5, 2, 1050, '2019-05-02', '2019-05-31', 30, 0.41),
(1230, 12, 5, 3, 1100, '2019-06-01', '2019-06-24', 24, 0.53),
(1231, 12, 5, 4, 1100, '2019-06-25', '2019-07-16', 22, 0.58),
(1232, 12, 5, 5, 1100, '2019-07-17', '2019-08-05', 20, 0.64),
(1233, 12, 5, 6, 1100, '2019-08-06', '2019-08-27', 22, 0.58),
(1234, 12, 5, 7, 1100, '2019-08-28', '2019-10-01', 35, 0.36),
(1235, 12, 6, 1, 2100, '2019-02-01', '2019-03-11', 39, 0.62),
(1236, 12, 6, 2, 2000, '2019-05-06', '2019-06-14', 40, 0.58),
(1237, 12, 6, 3, 2000, '2019-06-15', '2019-07-19', 35, 0.66),
(1238, 12, 6, 4, 2000, '2019-07-20', '2019-08-20', 32, 0.72),
(1239, 12, 6, 5, 1950, '2019-08-21', '2019-10-01', 42, 0.55),
(1240, 9, 1, 1, 600, '2019-03-02', '2019-03-12', 11, 0.63),
(1241, 9, 1, 2, 550, '2019-03-17', '2019-03-30', 14, 0.46),
(1242, 9, 1, 3, 550, '2019-03-31', '2019-04-10', 11, 0.58),
(1243, 9, 1, 4, 550, '2019-04-11', '2019-04-21', 11, 0.58),
(1244, 9, 1, 5, 550, '2019-04-22', '2019-05-01', 10, 0.64),
(1245, 9, 1, 6, 550, '2019-05-02', '2019-05-10', 9, 0.71),
(1246, 9, 1, 7, 600, '2019-05-11', '2019-05-24', 14, 0.5),
(1247, 9, 2, 1, 850, '2019-02-18', '2019-03-05', 16, 0.62),
(1248, 9, 2, 2, 600, '2019-03-20', '2019-04-03', 15, 0.46),
(1249, 9, 2, 3, 650, '2019-04-04', '2019-04-16', 13, 0.58),
(1250, 9, 2, 4, 650, '2019-04-14', '2019-04-28', 12, 0.63),
(1251, 9, 2, 5, 650, '2019-04-29', '2019-05-09', 11, 0.68),
(1252, 9, 2, 6, 650, '2019-05-10', '2019-05-24', 15, 0.5),
(1253, 9, 3, 1, 1150, '2019-02-10', '2019-03-02', 20, 0.64),
(1254, 9, 3, 2, 700, '2019-03-22', '2019-04-07', 17, 0.41),
(1255, 9, 3, 3, 800, '2019-05-08', '2019-04-23', 16, 0.47),
(1256, 9, 3, 4, 800, '2019-04-24', '2019-05-07', 14, 0.54),
(1257, 9, 3, 5, 750, '2019-05-08', '2019-05-24', 17, 0.41),
(1258, 9, 4, 1, 750, '2019-02-21', '2019-03-06', 14, 0.62),
(1259, 9, 4, 2, 650, '2019-03-18', '2019-04-02', 16, 0.47),
(1260, 9, 4, 3, 650, '2019-04-04', '2019-04-15', 13, 0.58),
(1261, 9, 4, 4, 650, '2019-04-14', '2019-04-28', 13, 0.58),
(1262, 9, 4, 5, 700, '2019-04-29', '2019-05-10', 12, 0.68),
(1263, 9, 4, 6, 650, '2019-05-10', '2019-05-24', 14, 0.54),
(1264, 9, 5, 1, 1100, '2019-02-16', '2019-03-07', 20, 0.64),
(1265, 9, 5, 2, 600, '2019-03-22', '2019-04-07', 17, 0.41),
(1266, 9, 5, 3, 650, '2019-04-08', '2019-04-23', 16, 0.47),
(1267, 9, 5, 4, 650, '2019-04-24', '2019-05-07', 14, 0.54),
(1268, 9, 5, 5, 650, '2019-05-08', '2019-05-24', 17, 0.41),
(1269, 9, 6, 1, 1300, '2019-02-11', '2019-03-06', 24, 0.63),
(1270, 9, 6, 2, 1000, '2019-03-25', '2019-04-14', 21, 0.55),
(1271, 9, 6, 3, 1050, '2019-04-15', '2019-05-04', 20, 0.61),
(1272, 9, 6, 4, 1000, '2019-05-05', '2019-05-24', 20, 0.58),
(1273, 9, 7, 1, 750, '2019-02-21', '2019-03-06', 14, 0.62),
(1274, 9, 7, 2, 650, '2019-03-18', '2019-04-02', 16, 0.47),
(1275, 9, 7, 3, 650, '2019-04-04', '2019-04-15', 13, 0.58),
(1276, 9, 7, 4, 650, '2019-04-14', '2019-04-28', 13, 0.58),
(1277, 9, 7, 5, 700, '2019-04-29', '2019-05-10', 12, 0.68),
(1278, 9, 7, 6, 650, '2019-05-10', '2019-05-24', 14, 0.54),
(1279, 9, 8, 1, 1100, '2019-03-16', '2019-03-07', 20, 0.64),
(1280, 9, 8, 2, 600, '2019-03-22', '2019-04-07', 17, 0.41),
(1281, 9, 8, 3, 650, '2019-04-08', '2019-04-23', 16, 0.47),
(1282, 9, 8, 4, 650, '2019-04-24', '2019-05-07', 14, 0.54),
(1283, 9, 8, 5, 650, '2019-05-08', '2019-05-24', 17, 0.41),
(1284, 9, 9, 1, 1300, '2019-02-11', '2019-03-06', 24, 0.63),
(1285, 9, 9, 2, 1000, '2019-03-25', '2019-04-14', 21, 0.55),
(1286, 9, 9, 3, 1050, '2019-04-15', '2019-05-04', 20, 0.61),
(1287, 9, 9, 4, 1000, '2019-05-05', '2019-05-24', 20, 0.58),
(1288, 3, 1, 1, 500, '2019-03-27', '2019-04-10', 15, 0.39),
(1289, 3, 1, 2, 550, '2019-04-11', '2019-04-23', 13, 0.49),
(1290, 3, 1, 3, 550, '2019-04-24', '2019-05-05', 12, 0.53),
(1291, 3, 1, 4, 600, '2019-05-06', '2019-05-17', 12, 0.58),
(1292, 3, 1, 5, 600, '2019-05-18', '2019-05-28', 11, 0.63),
(1293, 3, 1, 6, 650, '2019-05-29', '2019-06-07', 10, 0.75),
(1294, 3, 1, 7, 650, '2019-06-08', '2019-06-16', 9, 0.84),
(1295, 3, 1, 8, 650, '2019-06-17', '2019-06-25', 9, 0.84),
(1296, 3, 1, 9, 650, '2019-06-26', '2019-07-02', 7, 1.07),
(1297, 3, 1, 10, 700, '2019-07-03', '2019-07-09', 7, 1.16),
(1298, 3, 1, 11, 760, '2019-07-10', '2019-07-16', 7, 1.24),
(1299, 3, 1, 12, 760, '2019-07-17', '2019-07-23', 7, 1.24),
(1300, 3, 1, 13, 800, '2019-07-24', '2019-07-30', 7, 1.32),
(1301, 3, 1, 14, 800, '2019-07-31', '2019-08-06', 7, 1.32),
(1302, 3, 1, 15, 760, '2019-08-07', '2019-08-14', 8, 1.09),
(1303, 3, 1, 16, 760, '2019-08-15', '2019-08-23', 9, 0.96),
(1304, 3, 1, 17, 760, '2019-08-24', '2019-09-01', 9, 0.96),
(1305, 3, 1, 18, 760, '2019-09-02', '2019-09-11', 10, 0.87),
(1306, 3, 1, 19, 760, '2019-09-12', '2019-09-22', 11, 0.79),
(1307, 3, 1, 20, 760, '2019-09-23', '2019-10-04', 12, 0.72),
(1308, 3, 1, 21, 760, '2019-10-05', '2019-10-16', 12, 0.72),
(1309, 3, 1, 22, 760, '2019-10-17', '2019-10-29', 13, 0.67),
(1310, 3, 2, 1, 500, '2019-03-30', '2019-04-13', 15, 0.39),
(1311, 3, 2, 2, 500, '2019-04-14', '2019-04-27', 14, 0.41),
(1312, 3, 2, 3, 650, '2019-04-28', '2019-05-11', 14, 0.54),
(1313, 3, 2, 4, 700, '2019-05-12', '2019-05-23', 12, 0.68),
(1314, 3, 2, 5, 750, '2019-05-24', '2019-06-04', 12, 0.72),
(1315, 3, 2, 6, 850, '2019-06-05', '2019-06-16', 12, 0.82),
(1316, 3, 2, 7, 950, '2019-06-17', '2019-06-27', 11, 1),
(1317, 3, 2, 8, 950, '2019-06-28', '2019-07-07', 10, 1.1),
(1318, 3, 2, 9, 1000, '2019-07-08', '2019-07-17', 10, 1.16),
(1319, 3, 2, 10, 1000, '2019-07-18', '2019-07-26', 9, 1.29),
(1320, 3, 2, 11, 1000, '2019-07-27', '2019-08-04', 9, 1.29),
(1321, 3, 2, 12, 1000, '2019-08-05', '2019-08-15', 11, 1.05),
(1322, 3, 2, 13, 950, '2019-08-16', '2019-08-27', 12, 0.92),
(1323, 3, 2, 14, 950, '2019-08-28', '2019-09-09', 13, 0.85),
(1324, 3, 2, 15, 950, '2019-09-10', '2019-09-24', 15, 0.73),
(1325, 3, 2, 16, 950, '2019-09-25', '2019-10-10', 16, 0.69),
(1326, 3, 2, 17, 950, '2019-10-11', '2019-10-29', 19, 0.65),
(1340, 3, 4, 1, 550, '2019-03-28', '2019-04-12', 16, 0.4),
(1341, 3, 4, 2, 700, '2019-04-13', '2019-04-26', 14, 0.58),
(1342, 3, 4, 3, 750, '2019-04-27', '2019-05-09', 13, 0.67),
(1343, 3, 4, 4, 850, '2019-05-10', '2019-05-22', 13, 0.76),
(1344, 3, 4, 5, 900, '2019-05-23', '2019-06-04', 13, 0.8),
(1345, 3, 4, 6, 900, '2019-06-05', '2019-06-17', 13, 0.8),
(1346, 3, 4, 7, 950, '2019-06-18', '2019-06-29', 12, 0.92),
(1347, 3, 4, 8, 950, '2019-06-30', '2019-07-10', 11, 1),
(1348, 3, 4, 9, 1000, '2019-07-11', '2019-07-20', 10, 1.16),
(1349, 3, 4, 10, 1000, '2019-07-21', '2019-07-29', 9, 1.29),
(1350, 3, 4, 11, 1050, '2019-07-30', '2019-08-07', 9, 1.35),
(1351, 3, 4, 12, 900, '2019-08-08', '2019-08-18', 11, 0.95),
(1352, 3, 4, 13, 900, '2019-08-19', '2019-08-29', 11, 0.95),
(1353, 3, 4, 14, 900, '2019-08-30', '2019-09-11', 13, 0.8),
(1354, 3, 4, 15, 900, '2019-09-12', '2019-09-26', 15, 0.69),
(1355, 3, 4, 16, 900, '2019-09-27', '2019-10-12', 16, 0.65),
(1356, 3, 4, 17, 900, '2019-10-13', '2019-10-29', 17, 0.61),
(1357, 3, 5, 1, 500, '2019-04-09', '2019-04-25', 17, 0.34),
(1358, 3, 5, 2, 550, '2019-04-26', '2019-05-09', 14, 0.46),
(1359, 3, 5, 3, 650, '2019-05-10', '2019-05-23', 14, 0.54),
(1360, 3, 5, 4, 700, '2019-05-24', '2019-06-06', 14, 0.58),
(1361, 3, 5, 5, 750, '2019-06-07', '2019-06-20', 14, 0.62),
(1362, 3, 5, 6, 850, '2019-06-21', '2019-07-03', 13, 0.76),
(1363, 3, 5, 7, 850, '2019-07-04', '2019-07-15', 12, 0.82),
(1364, 3, 5, 8, 900, '2019-07-16', '2019-07-27', 12, 0.87),
(1365, 3, 5, 9, 900, '2019-07-28', '2019-08-06', 10, 1.04),
(1366, 3, 5, 10, 900, '2019-08-07', '2019-08-16', 10, 1.04),
(1367, 3, 5, 11, 750, '2019-08-17', '2019-08-26', 10, 0.87),
(1368, 3, 5, 12, 700, '2019-08-27', '2019-09-08', 13, 0.62),
(1369, 3, 5, 13, 700, '2019-09-09', '2019-09-23', 15, 0.54),
(1370, 3, 5, 14, 700, '2019-09-24', '2019-10-09', 16, 0.51),
(1371, 3, 5, 15, 700, '2019-10-10', '2019-10-29', 20, 0.41),
(1372, 3, 6, 1, 700, '2019-04-14', '2019-05-03', 20, 0.41),
(1373, 3, 6, 2, 1050, '2019-05-04', '2019-05-23', 20, 0.61),
(1374, 3, 6, 3, 1300, '2019-05-24', '2019-06-11', 19, 0.79),
(1375, 3, 6, 4, 1450, '2019-06-12', '2019-06-29', 18, 0.93),
(1376, 3, 6, 5, 1450, '2019-06-30', '2019-07-16', 17, 0.99),
(1377, 3, 6, 6, 1500, '2019-07-17', '2019-07-31', 15, 1.16),
(1378, 3, 6, 7, 1450, '2019-08-01', '2019-08-17', 17, 0.99),
(1379, 3, 6, 8, 1450, '2019-08-18', '2019-09-07', 21, 0.8),
(1380, 3, 6, 9, 1450, '2019-09-08', '2019-09-30', 23, 0.73),
(1381, 3, 6, 10, 1400, '2019-10-01', '2019-10-29', 29, 0.56),
(1382, 3, 7, 1, 550, '2019-03-28', '2019-04-12', 16, 0.4),
(1383, 3, 7, 2, 700, '2019-04-13', '2019-04-26', 14, 0.58),
(1384, 3, 7, 3, 750, '2019-04-27', '2019-05-09', 13, 0.67),
(1385, 3, 7, 4, 850, '2019-05-10', '2019-05-22', 13, 0.76),
(1386, 3, 7, 5, 900, '2019-05-23', '2019-06-04', 13, 0.8),
(1387, 3, 7, 6, 900, '2019-06-05', '2019-06-17', 13, 0.8),
(1388, 3, 7, 7, 950, '2019-06-18', '2019-06-29', 12, 0.92),
(1389, 3, 7, 8, 950, '2019-06-30', '2019-07-10', 11, 1),
(1390, 3, 7, 9, 1000, '2019-07-11', '2019-07-20', 10, 1.16),
(1391, 3, 7, 10, 1000, '2019-07-21', '2019-07-29', 9, 1.29),
(1392, 3, 7, 11, 1050, '2019-07-30', '2019-08-07', 9, 1.35),
(1393, 3, 7, 12, 900, '2019-08-08', '2019-08-18', 11, 0.95),
(1394, 3, 7, 13, 900, '2019-08-19', '2019-08-29', 11, 0.95),
(1395, 3, 7, 14, 900, '2019-08-30', '2019-09-11', 13, 0.8),
(1396, 3, 7, 15, 900, '2019-09-12', '2019-09-26', 15, 0.69),
(1397, 3, 7, 16, 900, '2019-09-27', '2019-10-12', 16, 0.65),
(1398, 3, 7, 17, 900, '2019-10-13', '2019-10-29', 17, 0.61),
(1399, 3, 8, 1, 500, '2019-04-09', '2019-04-25', 17, 0.34),
(1400, 3, 8, 2, 550, '2019-04-26', '2019-05-09', 14, 0.46),
(1401, 3, 8, 3, 650, '2019-05-10', '2019-05-23', 14, 0.54),
(1402, 3, 8, 4, 700, '2019-05-24', '2019-06-06', 14, 0.58),
(1403, 3, 8, 5, 750, '2019-06-07', '2019-06-20', 14, 0.62),
(1404, 3, 8, 6, 850, '2019-06-21', '2019-07-03', 13, 0.76),
(1405, 3, 8, 7, 850, '2019-07-04', '2019-07-15', 12, 0.82),
(1406, 3, 8, 8, 900, '2019-07-16', '2019-07-27', 12, 0.87),
(1407, 3, 8, 9, 900, '2019-07-28', '2019-08-06', 10, 1.04),
(1408, 3, 8, 10, 900, '2019-08-07', '2019-08-16', 10, 1.04),
(1409, 3, 8, 11, 750, '2019-08-17', '2019-08-26', 10, 0.87),
(1410, 3, 8, 12, 700, '2019-08-27', '2019-09-08', 13, 0.62),
(1411, 3, 8, 13, 700, '2019-09-09', '2019-09-23', 15, 0.54),
(1412, 3, 8, 14, 700, '2019-09-24', '2019-10-09', 16, 0.51),
(1413, 3, 8, 15, 700, '2019-10-10', '2019-10-29', 20, 0.41),
(1414, 3, 9, 1, 700, '2019-04-14', '2019-05-03', 20, 0.41),
(1415, 3, 9, 2, 1050, '2019-05-04', '2019-05-23', 20, 0.61),
(1416, 3, 9, 3, 1300, '2019-05-24', '2019-06-11', 19, 0.79),
(1417, 3, 9, 4, 1450, '2019-06-12', '2019-06-29', 18, 0.93),
(1418, 3, 9, 5, 1450, '2019-06-30', '2019-07-16', 17, 0.99),
(1419, 3, 9, 6, 1500, '2019-07-17', '2019-07-31', 15, 1.16),
(1420, 3, 9, 7, 1450, '2019-08-01', '2019-08-17', 17, 0.99),
(1421, 3, 9, 8, 1450, '2019-08-18', '2019-09-07', 21, 0.8),
(1422, 3, 9, 9, 1450, '2019-09-08', '2019-09-30', 23, 0.73),
(1423, 3, 9, 10, 1400, '2019-10-01', '2019-10-29', 29, 0.56),
(1424, 4, 1, 1, 850, '2019-03-02', '2019-03-19', 18, 0.55),
(1425, 4, 1, 2, 850, '2019-03-20', '2019-04-05', 17, 0.58),
(1426, 4, 1, 3, 900, '2019-04-06', '2019-04-22', 17, 0.61),
(1427, 4, 1, 4, 900, '2019-04-23', '2019-05-06', 14, 0.74),
(1428, 4, 1, 5, 900, '2019-05-07', '2019-05-19', 13, 0.8),
(1429, 4, 1, 6, 900, '2019-05-20', '2019-05-31', 12, 0.87),
(1430, 4, 1, 7, 900, '2019-06-01', '2019-06-11', 11, 0.95),
(1431, 4, 1, 8, 900, '2019-06-12', '2019-06-21', 10, 1.04),
(1432, 4, 1, 9, 900, '2019-06-22', '2019-06-30', 9, 1.16),
(1433, 4, 1, 10, 900, '2019-07-01', '2019-07-08', 8, 1.3),
(1434, 4, 1, 11, 900, '2019-07-09', '2019-07-15', 7, 1.49),
(1435, 4, 1, 12, 900, '2019-07-16', '2019-07-22', 7, 1.49),
(1436, 4, 1, 13, 950, '2019-07-23', '2019-07-31', 9, 1.22),
(1437, 4, 1, 14, 900, '2019-08-01', '2019-08-09', 9, 1.16),
(1438, 4, 1, 15, 900, '2019-08-10', '2019-08-18', 9, 1.16),
(1439, 4, 1, 16, 900, '2019-08-19', '2019-08-28', 10, 1.04),
(1440, 4, 1, 17, 900, '2019-08-29', '2019-09-08', 11, 0.95),
(1441, 4, 1, 18, 900, '2019-09-09', '2019-09-19', 11, 0.95),
(1442, 4, 1, 19, 900, '2019-09-20', '2019-10-01', 12, 0.87),
(1443, 4, 1, 20, 850, '2019-10-02', '2019-10-14', 13, 0.76),
(1444, 4, 2, 1, 1100, '2019-03-06', '2019-03-30', 25, 0.51),
(1445, 4, 2, 2, 1100, '2019-03-31', '2019-04-22', 23, 0.55),
(1446, 4, 2, 3, 1100, '2019-04-23', '2019-05-10', 18, 0.71),
(1447, 4, 2, 4, 1100, '2019-05-11', '2019-05-26', 16, 0.8),
(1448, 4, 2, 5, 1150, '2019-05-27', '2019-06-10', 15, 0.89),
(1449, 4, 2, 6, 1150, '2019-06-11', '2019-06-24', 14, 0.95),
(1450, 4, 2, 7, 1150, '2019-06-25', '2019-07-06', 12, 1.11),
(1451, 4, 2, 8, 1150, '2019-07-07', '2019-07-16', 10, 1.33),
(1452, 4, 2, 9, 1200, '2019-07-17', '2019-07-26', 10, 1.39),
(1453, 4, 2, 10, 1150, '2019-07-27', '2019-08-05', 10, 1.33),
(1454, 4, 2, 11, 1150, '2019-08-06', '2019-08-16', 11, 1.21),
(1455, 4, 2, 12, 1150, '2019-08-17', '2019-08-28', 12, 1.1),
(1456, 4, 2, 13, 1150, '2019-08-29', '2019-09-10', 13, 1.02),
(1457, 4, 2, 14, 1150, '2019-09-11', '2019-09-25', 15, 0.89),
(1458, 4, 2, 15, 1150, '2019-09-26', '2019-10-14', 19, 0.7),
(1459, 4, 3, 1, 1300, '2019-03-09', '2019-04-06', 29, 0.52),
(1460, 4, 3, 2, 1500, '2019-04-07', '2019-05-02', 26, 0.67),
(1461, 4, 3, 3, 1500, '2019-05-03', '2019-05-23', 21, 0.83),
(1462, 4, 3, 4, 1500, '2019-05-24', '2019-06-11', 19, 0.91),
(1463, 4, 3, 5, 1500, '2019-06-12', '2019-06-28', 17, 1.02),
(1464, 4, 3, 6, 1500, '2019-06-29', '2019-07-12', 14, 1.24),
(1465, 4, 3, 7, 1500, '2019-07-13', '2019-05-25', 13, 1.34),
(1466, 4, 3, 8, 1500, '2019-07-26', '2019-08-09', 15, 1.16),
(1467, 4, 3, 9, 1500, '2019-08-10', '2019-08-28', 15, 0.91),
(1468, 4, 3, 10, 1500, '2019-08-29', '2019-09-18', 21, 0.83),
(1469, 4, 3, 11, 1500, '2019-09-19', '2019-10-14', 26, 0.67),
(1470, 4, 4, 1, 950, '2019-03-04', '2019-03-27', 24, 0.46),
(1471, 4, 4, 2, 950, '2019-03-28', '2019-04-19', 23, 0.48),
(1472, 4, 4, 3, 950, '2019-04-20', '2019-05-06', 17, 0.65),
(1473, 4, 4, 4, 950, '2019-05-07', '2019-05-22', 16, 0.69),
(1474, 4, 4, 5, 950, '2019-05-23', '2019-06-06', 15, 0.73),
(1475, 4, 4, 6, 950, '2019-06-07', '2019-06-20', 14, 0.79),
(1476, 4, 4, 7, 950, '2019-06-21', '2019-07-02', 12, 0.92),
(1477, 4, 4, 8, 950, '2019-07-03', '2019-07-13', 11, 1),
(1478, 4, 4, 9, 1000, '2019-07-14', '2019-07-23', 10, 1.16),
(1479, 4, 4, 10, 1000, '2019-07-24', '2019-08-03', 11, 1.05),
(1480, 4, 4, 11, 950, '2019-08-04', '2019-08-15', 12, 0.92),
(1481, 4, 4, 12, 950, '2019-08-16', '2019-08-28', 13, 0.85),
(1482, 4, 4, 13, 950, '2019-08-29', '2019-09-11', 14, 0.79),
(1483, 4, 4, 14, 950, '2019-09-12', '2019-09-26', 15, 0.73),
(1484, 4, 4, 15, 950, '2019-09-27', '2019-10-14', 18, 0.61),
(1485, 4, 5, 1, 1100, '2019-03-12', '2019-04-21', 41, 0.31),
(1486, 4, 5, 2, 1100, '2019-04-22', '2019-05-25', 34, 0.37),
(1487, 4, 5, 3, 1100, '2019-05-26', '2019-06-22', 28, 0.45),
(1488, 4, 5, 4, 1100, '2019-06-23', '2019-07-15', 23, 0.55),
(1489, 4, 5, 5, 1150, '2019-07-16', '2019-08-03', 19, 0.7),
(1490, 4, 5, 6, 1150, '2019-08-04', '2019-08-24', 21, 0.63),
(1491, 4, 5, 7, 1150, '2019-08-25', '2019-09-16', 23, 0.58),
(1492, 4, 5, 8, 1150, '2019-09-17', '2019-10-14', 28, 0.48),
(1493, 4, 6, 1, 1700, '2019-03-14', '2019-04-26', 44, 0.45),
(1494, 4, 6, 2, 1700, '2019-04-27', '2019-06-01', 36, 0.55),
(1495, 4, 6, 3, 1700, '2019-06-02', '2019-06-29', 28, 0.7),
(1496, 4, 6, 4, 1700, '2019-06-30', '2019-07-19', 20, 0.98),
(1497, 4, 6, 5, 1700, '2019-07-20', '2019-08-09', 21, 0.94),
(1498, 4, 6, 6, 1700, '2019-08-10', '2019-09-08', 30, 0.66),
(1499, 4, 6, 7, 1700, '2019-09-09', '2019-10-14', 36, 0.55),
(1500, 4, 7, 1, 950, '2019-03-04', '2019-03-27', 24, 0.46),
(1501, 4, 7, 2, 950, '2019-03-28', '2019-04-19', 23, 0.48),
(1502, 4, 7, 3, 950, '2019-04-20', '2019-05-06', 17, 0.65),
(1503, 4, 7, 4, 950, '2019-05-07', '2019-05-22', 16, 0.69),
(1504, 4, 7, 5, 950, '2019-05-23', '2019-06-06', 15, 0.73),
(1505, 4, 7, 6, 950, '2019-06-07', '2019-06-20', 14, 0.79),
(1506, 4, 7, 7, 950, '2019-06-21', '2019-07-02', 12, 0.92),
(1507, 4, 7, 8, 950, '2019-07-03', '2019-07-13', 11, 1),
(1508, 4, 7, 9, 1000, '2019-07-14', '2019-07-23', 10, 1.16),
(1509, 4, 7, 10, 1000, '2019-07-24', '2019-08-03', 11, 1.05),
(1510, 4, 7, 11, 950, '2019-08-04', '2019-08-15', 12, 0.92),
(1511, 4, 7, 12, 950, '2019-08-16', '2019-08-28', 13, 0.85),
(1512, 4, 7, 13, 950, '2019-08-29', '2019-09-11', 14, 0.79),
(1513, 4, 7, 14, 950, '2019-09-12', '2019-09-26', 15, 0.73),
(1514, 4, 7, 15, 950, '2019-09-27', '2019-10-14', 18, 0.61),
(1515, 4, 8, 1, 1100, '2019-03-12', '2019-04-21', 41, 0.31),
(1516, 4, 8, 2, 1100, '2019-04-22', '2019-05-25', 34, 0.37),
(1517, 4, 8, 3, 1100, '2019-05-26', '2019-06-22', 28, 0.45),
(1518, 4, 8, 4, 1100, '2019-06-23', '2019-07-15', 23, 0.55),
(1519, 4, 8, 5, 1150, '2019-07-16', '2019-08-03', 19, 0.7),
(1520, 4, 8, 6, 1150, '2019-08-04', '2019-08-24', 21, 0.63),
(1521, 4, 8, 7, 1150, '2019-08-25', '2019-09-16', 23, 0.58),
(1522, 4, 8, 8, 1150, '2019-09-17', '2019-10-14', 28, 0.48),
(1523, 4, 9, 1, 1700, '2019-03-14', '2019-04-26', 44, 0.45),
(1524, 4, 9, 2, 1700, '2019-04-27', '2019-06-01', 36, 0.55),
(1525, 4, 9, 3, 1700, '2019-06-02', '2019-06-29', 28, 0.7),
(1526, 4, 9, 4, 1700, '2019-06-30', '2019-07-19', 20, 0.98),
(1527, 4, 9, 5, 1700, '2019-07-20', '2019-08-09', 21, 0.94),
(1528, 4, 9, 6, 1700, '2019-08-10', '2019-09-08', 30, 0.66),
(1529, 4, 9, 7, 1700, '2019-09-09', '2019-10-14', 36, 0.55),
(1530, 5, 1, 1, 600, '2019-03-12', '2019-03-22', 11, 0.63),
(1531, 5, 1, 2, 600, '2019-03-23', '2019-04-02', 11, 0.63),
(1532, 5, 1, 3, 600, '2019-04-03', '2019-04-10', 8, 0.87),
(1533, 5, 1, 4, 650, '2019-04-11', '2019-04-18', 8, 0.94),
(1534, 5, 1, 5, 700, '2019-04-19', '2019-04-26', 8, 1.01),
(1535, 5, 1, 6, 750, '2019-04-27', '2019-05-03', 7, 1.24),
(1536, 5, 1, 7, 750, '2019-05-04', '2019-05-10', 7, 1.24),
(1537, 5, 1, 8, 800, '2019-05-11', '2019-05-17', 7, 1.32),
(1538, 5, 1, 9, 800, '2019-05-18', '2019-05-24', 7, 1.32),
(1539, 5, 1, 10, 700, '2019-05-25', '2019-05-30', 6, 1.35),
(1540, 5, 1, 11, 650, '2019-05-31', '2019-06-04', 5, 1.5),
(1541, 5, 1, 12, 650, '2019-06-05', '2019-06-09', 5, 1.5),
(1542, 5, 1, 13, 650, '2019-06-10', '2019-06-14', 5, 1.5),
(1543, 5, 1, 14, 650, '2019-06-15', '2019-06-20', 6, 1.25),
(1544, 5, 1, 15, 650, '2019-06-21', '2019-06-26', 6, 1.25),
(1545, 5, 1, 16, 650, '2019-06-27', '2019-07-02', 6, 1.25),
(1546, 5, 1, 17, 600, '2019-07-03', '2019-07-08', 6, 1.16),
(1547, 5, 1, 18, 600, '2019-07-09', '2019-07-14', 6, 1.16),
(1548, 5, 1, 19, 600, '2019-07-15', '2019-07-20', 6, 1.16),
(1549, 5, 2, 1, 1300, '2019-02-11', '2019-03-06', 24, 0.63),
(1550, 5, 2, 2, 750, '2019-04-06', '2019-04-15', 10, 0.87),
(1551, 5, 2, 3, 800, '2019-04-16', '1952-04-01', 10, 0.93),
(1552, 5, 2, 4, 800, '2019-04-26', '2019-05-03', 8, 1.16),
(1553, 5, 2, 5, 850, '2019-05-04', '2019-05-11', 8, 1.23),
(1554, 5, 2, 6, 900, '2019-05-12', '2019-05-19', 8, 1.3),
(1555, 5, 2, 7, 900, '2019-05-20', '2019-05-27', 8, 1.3),
(1556, 5, 2, 8, 1000, '2019-05-28', '2019-06-04', 8, 1.45),
(1557, 5, 2, 9, 1000, '2019-06-05', '2019-06-12', 8, 1.45),
(1558, 5, 2, 10, 1000, '2019-06-13', '2019-06-21', 9, 1.29),
(1559, 5, 2, 11, 1000, '2019-06-22', '2019-06-30', 9, 1.29),
(1560, 5, 2, 12, 95, '2019-07-01', '2019-07-10', 10, 1.1),
(1561, 5, 2, 13, 900, '2019-07-11', '2019-07-20', 10, 1.04),
(1562, 5, 3, 1, 1700, '2019-01-30', '2019-03-02', 31, 0.63),
(1563, 5, 3, 2, 1000, '2019-04-09', '2019-04-21', 13, 0.89),
(1564, 5, 3, 3, 1100, '2019-04-22', '2019-05-03', 12, 1.06),
(1565, 5, 3, 4, 1100, '2019-05-04', '2019-05-14', 11, 1.16),
(1566, 5, 3, 5, 1200, '2019-05-15', '2019-05-25', 11, 1.26),
(1567, 5, 3, 6, 1300, '2019-05-26', '2019-06-05', 11, 1.37),
(1568, 5, 3, 7, 1300, '2019-06-06', '2019-06-16', 11, 1.37),
(1569, 5, 3, 8, 1200, '2019-06-17', '2019-06-27', 11, 1.26),
(1570, 5, 3, 9, 1100, '2019-06-28', '2019-07-08', 11, 1.16),
(1571, 5, 3, 10, 1000, '2019-07-09', '2019-07-20', 12, 0.96),
(1572, 5, 4, 1, 1100, '2019-02-15', '2019-03-06', 20, 0.64),
(1573, 5, 4, 2, 800, '2019-04-05', '2019-04-14', 10, 0.93),
(1574, 5, 4, 3, 850, '2019-04-15', '2019-04-24', 10, 0.98),
(1575, 5, 4, 4, 900, '2019-04-25', '2019-05-03', 9, 1.16),
(1576, 5, 4, 5, 900, '2019-05-04', '2019-05-12', 9, 1.16),
(1577, 5, 4, 6, 900, '2019-05-13', '2019-05-20', 8, 1.3),
(1578, 5, 4, 7, 900, '2019-05-21', '2019-05-28', 8, 1.3),
(1579, 5, 4, 8, 900, '2019-05-29', '2019-06-04', 7, 1.49),
(1580, 5, 4, 9, 900, '2019-06-05', '2019-06-11', 7, 1.49),
(1581, 5, 4, 10, 900, '2019-06-12', '2019-06-18', 7, 1.49),
(1582, 5, 4, 11, 900, '2019-06-19', '2019-06-26', 8, 1.3),
(1583, 5, 4, 12, 850, '2019-06-27', '2019-07-04', 8, 1.22),
(1584, 5, 4, 13, 750, '2019-07-05', '2019-07-12', 8, 1.09),
(1585, 5, 4, 14, 700, '2019-07-13', '2019-07-20', 8, 1.01),
(1586, 5, 5, 1, 1550, '2019-02-03', '2019-03-02', 28, 0.64),
(1587, 5, 5, 2, 800, '2019-04-12', '2019-04-23', 12, 0.77),
(1588, 5, 5, 3, 800, '2019-04-24', '2019-05-04', 11, 0.84),
(1589, 5, 5, 4, 800, '2019-05-05', '2019-05-14', 10, 0.93),
(1590, 5, 5, 5, 850, '2019-05-15', '2019-05-23', 9, 1.04),
(1591, 5, 5, 6, 850, '2019-05-24', '2019-06-01', 9, 1.1),
(1592, 5, 5, 7, 850, '2019-06-02', '2019-06-10', 9, 1.1),
(1593, 5, 5, 8, 850, '2019-06-11', '2019-06-19', 9, 1.1),
(1594, 5, 5, 9, 850, '2019-06-20', '2019-06-29', 10, 0.98),
(1595, 5, 5, 10, 800, '2019-06-30', '2019-07-09', 10, 0.93),
(1596, 5, 5, 11, 800, '2019-07-10', '2019-07-20', 11, 0.84),
(1597, 5, 6, 1, 1800, '2019-01-29', '2019-03-02', 33, 0.63),
(1598, 5, 6, 2, 1100, '2019-04-15', '2019-04-28', 14, 0.91),
(1599, 5, 6, 3, 1300, '2019-04-29', '2019-05-12', 14, 1.08),
(1600, 5, 6, 4, 1500, '2019-05-13', '2019-05-26', 14, 1.24),
(1601, 5, 6, 5, 1500, '2019-05-27', '2019-06-08', 13, 1.34),
(1602, 5, 6, 6, 1500, '2019-06-09', '2019-06-21', 13, 1.34),
(1603, 5, 6, 7, 1500, '2019-06-22', '2019-07-05', 14, 1.24),
(1604, 5, 6, 8, 1400, '2019-07-06', '2019-07-20', 15, 1.08),
(1605, 5, 7, 1, 1100, '2019-02-15', '2019-03-06', 20, 0.64),
(1606, 5, 7, 2, 800, '2019-04-05', '2019-04-14', 10, 0.93),
(1607, 5, 7, 3, 850, '2019-04-15', '2019-04-24', 10, 0.98),
(1608, 5, 7, 4, 900, '2019-04-25', '2019-05-03', 9, 1.16),
(1609, 5, 7, 5, 900, '2019-05-04', '2019-05-12', 9, 1.16),
(1610, 5, 7, 6, 900, '2019-05-13', '2019-05-20', 8, 1.3),
(1611, 5, 7, 7, 900, '2019-05-21', '2019-05-28', 8, 1.3),
(1612, 5, 7, 8, 900, '2019-05-29', '2019-06-04', 7, 1.49),
(1613, 5, 7, 9, 900, '2019-06-05', '2019-06-11', 7, 1.49),
(1614, 5, 7, 10, 900, '2019-06-12', '2019-06-18', 7, 1.49),
(1615, 5, 7, 11, 900, '2019-06-19', '2019-06-26', 8, 1.3),
(1616, 5, 7, 12, 850, '2019-06-27', '2019-07-04', 8, 1.22),
(1617, 5, 7, 13, 750, '2019-07-05', '2019-07-12', 8, 1.09),
(1618, 5, 7, 14, 700, '2019-07-13', '2019-07-20', 8, 1.01),
(1619, 5, 8, 1, 1550, '2019-02-03', '2019-03-02', 28, 0.64),
(1620, 5, 8, 2, 800, '2019-04-12', '2019-04-23', 12, 0.77),
(1621, 5, 8, 3, 800, '2019-04-24', '2019-05-04', 11, 0.84),
(1622, 5, 8, 4, 800, '2019-05-05', '2019-05-14', 10, 0.93),
(1623, 5, 8, 5, 850, '2019-05-15', '2019-05-23', 9, 1.04),
(1624, 5, 8, 6, 850, '2019-05-24', '2019-06-01', 9, 1.1),
(1625, 5, 8, 7, 850, '2019-06-02', '2019-06-10', 9, 1.1),
(1626, 5, 8, 8, 850, '2019-06-11', '2019-06-19', 9, 1.1),
(1627, 5, 8, 9, 850, '2019-06-20', '2019-06-29', 10, 0.98),
(1628, 5, 8, 10, 800, '2019-06-30', '2019-07-09', 10, 0.93),
(1629, 5, 8, 11, 800, '2019-07-10', '2019-07-20', 11, 0.84),
(1630, 5, 9, 1, 1800, '2019-01-29', '2019-03-02', 33, 0.63),
(1631, 5, 9, 2, 1100, '2019-04-15', '2019-04-28', 14, 0.91),
(1632, 5, 9, 3, 1300, '2019-04-29', '2019-05-12', 14, 1.08),
(1633, 5, 9, 4, 1500, '2019-05-13', '2019-05-26', 14, 1.24),
(1634, 5, 9, 5, 1500, '2019-05-27', '2019-06-08', 13, 1.34),
(1635, 5, 9, 6, 1500, '2019-06-09', '2019-06-21', 13, 1.34),
(1636, 5, 9, 7, 1500, '2019-06-22', '2019-07-05', 14, 1.24),
(1637, 5, 9, 8, 1400, '2019-07-06', '2019-07-20', 15, 1.08),
(1638, 2, 1, 1, 600, '2019-04-25', '2019-05-04', 10, 0.69),
(1639, 2, 1, 2, 600, '2019-05-05', '2019-05-13', 9, 0.77),
(1640, 2, 1, 3, 650, '2019-05-14', '2019-05-22', 9, 0.84),
(1641, 2, 1, 4, 700, '2019-05-23', '2019-05-31', 9, 0.9),
(1642, 2, 1, 5, 700, '2019-06-01', '2019-06-08', 8, 1.01),
(1643, 2, 1, 6, 700, '2019-06-09', '2019-06-16', 8, 1.01),
(1644, 2, 1, 7, 750, '2019-06-17', '2019-06-24', 8, 1.08),
(1645, 2, 1, 8, 800, '2019-06-25', '2019-07-02', 8, 1.16),
(1646, 2, 1, 9, 800, '2019-07-03', '2019-07-10', 8, 1.16),
(1647, 2, 1, 10, 850, '2019-07-11', '2019-07-18', 8, 1.23),
(1648, 2, 1, 11, 850, '2019-07-19', '2019-07-25', 7, 1.41),
(1649, 2, 1, 12, 850, '2019-07-26', '2019-08-02', 8, 1.23),
(1650, 2, 1, 13, 700, '2019-08-03', '2019-08-10', 8, 1.01),
(1651, 2, 1, 14, 700, '2019-08-11', '2019-08-18', 8, 1.01),
(1652, 2, 1, 15, 700, '2019-08-19', '2019-08-27', 9, 0.9),
(1653, 2, 1, 16, 650, '2019-08-28', '2019-09-05', 9, 0.84),
(1654, 2, 1, 17, 650, '2019-09-06', '2019-09-15', 10, 0.75),
(1655, 2, 2, 1, 750, '2019-04-28', '2019-05-09', 12, 0.72),
(1656, 2, 2, 2, 750, '2019-05-10', '2019-05-20', 11, 0.79),
(1657, 2, 2, 3, 800, '2019-05-21', '2019-05-31', 11, 0.84),
(1658, 2, 2, 4, 900, '2019-06-01', '2019-06-11', 11, 0.95),
(1659, 2, 2, 5, 950, '2019-06-12', '2019-06-22', 11, 1),
(1660, 2, 2, 6, 1000, '2019-06-23', '2019-07-03', 11, 1.05),
(1661, 2, 2, 7, 1150, '2019-07-04', '2019-07-14', 11, 1.21),
(1662, 2, 2, 8, 1100, '2019-07-15', '2019-07-24', 10, 1.27),
(1663, 2, 2, 9, 1050, '2019-07-25', '2019-08-03', 10, 1.22),
(1664, 2, 2, 10, 850, '2019-08-04', '2019-08-13', 10, 0.98),
(1665, 2, 2, 11, 800, '2019-08-14', '2019-08-23', 10, 0.92),
(1666, 2, 2, 12, 800, '2019-08-24', '2019-09-03', 11, 0.84),
(1667, 2, 2, 13, 800, '2019-09-04', '2019-09-15', 12, 0.77),
(1668, 2, 3, 1, 950, '2019-05-01', '2019-05-15', 15, 0.73),
(1669, 2, 3, 2, 950, '2019-05-16', '2019-05-29', 14, 0.79),
(1670, 2, 3, 3, 1000, '2019-05-30', '2019-06-12', 14, 0.83),
(1671, 2, 3, 4, 1300, '2019-06-13', '2019-06-26', 14, 1.07),
(1672, 2, 3, 5, 1350, '2019-06-27', '2019-07-10', 14, 1.12),
(1673, 2, 3, 6, 1400, '2019-07-11', '2019-07-23', 13, 1.25),
(1674, 2, 3, 7, 1300, '2019-07-24', '2019-08-05', 13, 1.16),
(1675, 2, 3, 8, 1000, '2019-08-06', '2019-08-18', 13, 0.89),
(1676, 2, 3, 9, 1000, '2019-08-19', '2019-09-01', 14, 0.83),
(1677, 2, 3, 10, 900, '2019-09-02', '2019-09-15', 14, 0.74),
(1678, 2, 4, 1, 750, '2019-04-27', '2019-05-08', 12, 0.72),
(1679, 2, 4, 2, 750, '2019-05-09', '2019-05-19', 11, 0.79),
(1680, 2, 4, 3, 750, '2019-05-20', '2019-05-29', 10, 0.87),
(1681, 2, 4, 4, 750, '2019-05-30', '2019-06-08', 10, 0.87),
(1682, 2, 4, 5, 850, '2019-06-09', '2019-06-18', 10, 0.98),
(1683, 2, 4, 6, 850, '2019-06-19', '2019-06-27', 9, 1.09),
(1684, 2, 4, 7, 900, '2019-06-28', '2019-07-06', 9, 1.16),
(1685, 2, 4, 8, 900, '2019-07-07', '2019-07-14', 8, 1.3),
(1686, 2, 4, 9, 900, '2019-07-15', '2019-07-22', 8, 1.3),
(1687, 2, 4, 10, 800, '2019-07-23', '2019-07-30', 8, 1.16),
(1688, 2, 4, 11, 800, '2019-07-31', '2019-08-07', 8, 1.16),
(1689, 2, 4, 12, 750, '2019-08-08', '2019-08-16', 9, 0.96),
(1690, 2, 4, 13, 750, '2019-08-17', '2019-08-25', 9, 0.96),
(1691, 2, 4, 14, 750, '2019-08-26', '2019-09-04', 10, 0.87),
(1692, 2, 4, 15, 750, '2019-09-05', '2019-09-15', 11, 0.79),
(1693, 2, 5, 1, 750, '2019-05-05', '2019-05-19', 15, 0.58),
(1694, 2, 5, 2, 750, '2019-05-20', '2019-06-02', 14, 0.62),
(1695, 2, 5, 3, 800, '2019-06-03', '2019-06-16', 14, 0.66),
(1696, 2, 5, 4, 900, '2019-06-17', '2019-06-29', 13, 0.8),
(1697, 2, 5, 5, 900, '2019-06-30', '2019-07-11', 12, 0.87),
(1698, 2, 5, 6, 900, '2019-07-12', '2019-07-22', 11, 0.95),
(1699, 2, 5, 7, 900, '2019-07-23', '2019-08-03', 12, 0.87),
(1700, 2, 5, 8, 850, '2019-08-04', '2019-08-16', 13, 0.76),
(1701, 2, 5, 9, 800, '2019-08-17', '2019-08-30', 14, 0.66),
(1702, 2, 5, 10, 800, '2019-08-31', '2019-09-15', 16, 0.58),
(1703, 2, 6, 1, 1200, '2019-05-08', '2019-05-27', 20, 0.69),
(1704, 2, 6, 2, 1300, '2019-05-28', '2019-06-04', 18, 0.84),
(1705, 2, 6, 3, 1500, '2019-06-15', '2019-07-01', 17, 1.02),
(1706, 2, 6, 4, 1500, '2019-07-02', '2019-07-17', 16, 1.09),
(1707, 2, 6, 5, 1500, '2019-07-18', '2019-08-03', 17, 1.02),
(1708, 2, 6, 6, 1500, '2019-08-04', '2019-08-23', 20, 0.87),
(1709, 2, 6, 7, 1500, '2019-08-24', '2019-09-15', 23, 0.75),
(1710, 2, 7, 1, 750, '2019-04-27', '2019-05-08', 12, 0.72),
(1711, 2, 7, 2, 750, '2019-05-09', '2019-05-19', 11, 0.79),
(1712, 2, 7, 3, 750, '2019-05-20', '2019-05-29', 10, 0.87),
(1713, 2, 7, 4, 750, '2019-05-30', '2019-06-08', 10, 0.87),
(1714, 2, 7, 5, 850, '2019-06-09', '2019-06-18', 10, 0.98),
(1715, 2, 7, 6, 850, '2019-06-19', '2019-06-27', 9, 1.09),
(1716, 2, 7, 7, 900, '2019-06-28', '2019-07-06', 9, 1.16),
(1717, 2, 7, 8, 900, '2019-07-07', '2019-07-14', 8, 1.3),
(1718, 2, 7, 9, 900, '2019-07-15', '2019-07-22', 8, 1.3),
(1719, 2, 7, 10, 800, '2019-07-23', '2019-07-30', 8, 1.16),
(1720, 2, 7, 11, 800, '2019-07-31', '2019-08-07', 8, 1.16),
(1721, 2, 7, 12, 750, '2019-08-08', '2019-08-16', 9, 0.96),
(1722, 2, 7, 13, 750, '2019-08-17', '2019-08-25', 9, 0.96),
(1723, 2, 7, 14, 750, '2019-08-26', '2019-09-04', 10, 0.87),
(1724, 2, 7, 15, 750, '2019-09-05', '2019-09-15', 11, 0.79),
(1725, 2, 8, 1, 750, '2019-05-05', '2019-05-19', 15, 0.58),
(1726, 2, 8, 2, 750, '2019-05-20', '2019-06-02', 14, 0.62),
(1727, 2, 8, 3, 800, '2019-06-03', '2019-06-16', 14, 0.66),
(1728, 2, 8, 4, 900, '2019-06-17', '2019-06-29', 13, 0.8),
(1729, 2, 8, 5, 900, '2019-06-30', '2019-07-11', 12, 0.87),
(1730, 2, 8, 6, 900, '2019-07-12', '2019-07-22', 11, 0.95),
(1731, 2, 8, 7, 900, '2019-07-23', '2019-08-03', 12, 0.87),
(1732, 2, 8, 8, 850, '2019-08-04', '2019-08-16', 13, 0.76),
(1733, 2, 8, 9, 800, '2019-08-17', '2019-08-30', 14, 0.66),
(1734, 2, 8, 10, 800, '2019-08-31', '2019-09-15', 16, 0.58),
(1735, 2, 9, 1, 1200, '2019-05-08', '2019-05-27', 20, 0.69),
(1736, 2, 9, 2, 1300, '2019-05-28', '2019-06-14', 18, 0.84),
(1737, 2, 9, 3, 1500, '2019-06-15', '2019-07-01', 17, 1.02),
(1738, 2, 9, 4, 1500, '2019-07-02', '2019-07-17', 16, 1.09),
(1739, 2, 9, 5, 1500, '2019-07-18', '2019-08-03', 17, 1.02),
(1740, 2, 9, 6, 1500, '2019-08-04', '2019-08-23', 20, 0.87),
(1741, 2, 9, 7, 1500, '2019-08-24', '2019-09-15', 23, 0.75),
(1742, 3, 2, 1, 500, '2019-03-30', '2019-04-13', 15, 0.39),
(1744, 5, 3, 0, 800, '2019-03-01', '2019-07-01', 0, 0.95),
(1745, 5, 3, 11, 800, '2019-07-21', '2019-08-01', 11, 0.95);

-- --------------------------------------------------------

--
-- Структура таблицы `water_bazins_zones`
--

CREATE TABLE `water_bazins_zones` (
  `BZ_Code` int(10) UNSIGNED NOT NULL,
  `shape` polygon NOT NULL,
  `name_rus` text COLLATE utf8mb4_unicode_ci NOT NULL,
  `name_tj` text COLLATE utf8mb4_unicode_ci NOT NULL,
  `bz_woc` text COLLATE utf8mb4_unicode_ci NOT NULL,
  `country_woc` text COLLATE utf8mb4_unicode_ci NOT NULL,
  `area` double NOT NULL,
  `notes` text COLLATE utf8mb4_unicode_ci NOT NULL,
  `created_at` timestamp NULL DEFAULT NULL,
  `updated_at` timestamp NULL DEFAULT NULL
) ENGINE=InnoDB DEFAULT CHARSET=utf8mb4 COLLATE=utf8mb4_unicode_ci;

-- --------------------------------------------------------

--
-- Структура таблицы `water__levels`
--

CREATE TABLE `water__levels` (
  `id` int(10) UNSIGNED NOT NULL,
  `height` double NOT NULL,
  `canal_id` int(10) UNSIGNED NOT NULL,
  `height_measurement` varchar(191) COLLATE utf8mb4_unicode_ci NOT NULL DEFAULT 'cm',
  `category_0` double DEFAULT NULL,
  `category_1` double DEFAULT NULL,
  `category_2` double DEFAULT NULL,
  `category_3` double DEFAULT NULL,
  `category_4` double DEFAULT NULL,
  `category_5` double DEFAULT NULL,
  `category_6` double DEFAULT NULL,
  `category_7` double DEFAULT NULL,
  `category_8` double DEFAULT NULL,
  `category_9` double DEFAULT NULL,
  `created_at` timestamp NULL DEFAULT NULL,
  `updated_at` timestamp NULL DEFAULT NULL
) ENGINE=InnoDB DEFAULT CHARSET=utf8mb4 COLLATE=utf8mb4_unicode_ci;

-- --------------------------------------------------------

--
-- Структура таблицы `wuas`
--

CREATE TABLE `wuas` (
  `WUA_Code` int(10) UNSIGNED NOT NULL,
  `wua_name_rus` text COLLATE utf8mb4_unicode_ci NOT NULL,
  `wua_name_eng` text COLLATE utf8mb4_unicode_ci NOT NULL,
  `wua_name_tj` text COLLATE utf8mb4_unicode_ci NOT NULL,
  `wua_service_area` smallint(6) NOT NULL,
  `region` int(11) NOT NULL,
  `republic` text COLLATE utf8mb4_unicode_ci NOT NULL,
  `district` text COLLATE utf8mb4_unicode_ci NOT NULL,
  `id_from_billing` int(10) UNSIGNED NOT NULL
) ENGINE=InnoDB DEFAULT CHARSET=utf8mb4 COLLATE=utf8mb4_unicode_ci;

--
-- Индексы сохранённых таблиц
--

--
-- Индексы таблицы `agriculture`
--
ALTER TABLE `agriculture`
  ADD PRIMARY KEY (`id`),
  ADD KEY `agriculture_id_wua_foreign` (`id_wua`);

--
-- Индексы таблицы `canals`
--
ALTER TABLE `canals`
  ADD PRIMARY KEY (`CanalCode`),
  ADD KEY `canals_id_river_network_foreign` (`id_river_network`),
  ADD KEY `canals_id_wua_foreign` (`id_wua`),
  ADD KEY `canals_id_basins_foreign` (`id_basins`);

--
-- Индексы таблицы `catchment_areas`
--
ALTER TABLE `catchment_areas`
  ADD PRIMARY KEY (`CCode`),
  ADD KEY `catchment_areas_id_water_bazins_zones_foreign` (`id_water_bazins_zones`);

--
-- Индексы таблицы `dekadnyi_hpk_aio`
--
ALTER TABLE `dekadnyi_hpk_aio`
  ADD PRIMARY KEY (`id`);

--
-- Индексы таблицы `excel_avp_shahob`
--
ALTER TABLE `excel_avp_shahob`
  ADD PRIMARY KEY (`id`);

--
-- Индексы таблицы `jam_hpk`
--
ALTER TABLE `jam_hpk`
  ADD PRIMARY KEY (`id`);

--
-- Индексы таблицы `main_rivers`
--
ALTER TABLE `main_rivers`
  ADD PRIMARY KEY (`RCode`),
  ADD KEY `main_rivers_id_water_basins_zones_foreign` (`id_water_basins_zones`);

--
-- Индексы таблицы `migrations`
--
ALTER TABLE `migrations`
  ADD PRIMARY KEY (`id`);

--
-- Индексы таблицы `module`
--
ALTER TABLE `module`
  ADD PRIMARY KEY (`id`);

--
-- Индексы таблицы `niigim_irrigation_category`
--
ALTER TABLE `niigim_irrigation_category`
  ADD PRIMARY KEY (`id`);

--
-- Индексы таблицы `password_resets`
--
ALTER TABLE `password_resets`
  ADD KEY `password_resets_email_index` (`email`);

--
-- Индексы таблицы `post`
--
ALTER TABLE `post`
  ADD PRIMARY KEY (`id`);

--
-- Индексы таблицы `river_networks`
--
ALTER TABLE `river_networks`
  ADD PRIMARY KEY (`id`),
  ADD KEY `river_networks_id_catchment_foreign` (`id_catchment`);

--
-- Индексы таблицы `roles`
--
ALTER TABLE `roles`
  ADD PRIMARY KEY (`id`);

--
-- Индексы таблицы `rr_user`
--
ALTER TABLE `rr_user`
  ADD PRIMARY KEY (`id`);

--
-- Индексы таблицы `sprinklers`
--
ALTER TABLE `sprinklers`
  ADD PRIMARY KEY (`objectid`),
  ADD KEY `sprinklers_id_canal_foreign` (`id_canal`),
  ADD KEY `sprinklers_id_network_foreign` (`id_network`);

--
-- Индексы таблицы `users`
--
ALTER TABLE `users`
  ADD PRIMARY KEY (`id`),
  ADD UNIQUE KEY `users_email_unique` (`email`);

--
-- Индексы таблицы `watering`
--
ALTER TABLE `watering`
  ADD PRIMARY KEY (`id`);

--
-- Индексы таблицы `water_bazins_zones`
--
ALTER TABLE `water_bazins_zones`
  ADD PRIMARY KEY (`BZ_Code`);

--
-- Индексы таблицы `water__levels`
--
ALTER TABLE `water__levels`
  ADD PRIMARY KEY (`id`),
  ADD KEY `water__levels_canal_id_foreign` (`canal_id`);

--
-- Индексы таблицы `wuas`
--
ALTER TABLE `wuas`
  ADD PRIMARY KEY (`WUA_Code`);

--
-- AUTO_INCREMENT для сохранённых таблиц
--

--
-- AUTO_INCREMENT для таблицы `agriculture`
--
ALTER TABLE `agriculture`
  MODIFY `id` int(10) UNSIGNED NOT NULL AUTO_INCREMENT;

--
-- AUTO_INCREMENT для таблицы `canals`
--
ALTER TABLE `canals`
  MODIFY `CanalCode` int(10) UNSIGNED NOT NULL AUTO_INCREMENT;

--
-- AUTO_INCREMENT для таблицы `catchment_areas`
--
ALTER TABLE `catchment_areas`
  MODIFY `CCode` int(10) UNSIGNED NOT NULL AUTO_INCREMENT;

--
-- AUTO_INCREMENT для таблицы `dekadnyi_hpk_aio`
--
ALTER TABLE `dekadnyi_hpk_aio`
  MODIFY `id` int(11) NOT NULL AUTO_INCREMENT, AUTO_INCREMENT=32;

--
-- AUTO_INCREMENT для таблицы `excel_avp_shahob`
--
ALTER TABLE `excel_avp_shahob`
  MODIFY `id` int(11) NOT NULL AUTO_INCREMENT, AUTO_INCREMENT=315;

--
-- AUTO_INCREMENT для таблицы `jam_hpk`
--
ALTER TABLE `jam_hpk`
  MODIFY `id` int(11) NOT NULL AUTO_INCREMENT, AUTO_INCREMENT=32;

--
-- AUTO_INCREMENT для таблицы `main_rivers`
--
ALTER TABLE `main_rivers`
  MODIFY `RCode` int(10) UNSIGNED NOT NULL AUTO_INCREMENT;

--
-- AUTO_INCREMENT для таблицы `migrations`
--
ALTER TABLE `migrations`
  MODIFY `id` int(10) UNSIGNED NOT NULL AUTO_INCREMENT, AUTO_INCREMENT=17;

--
-- AUTO_INCREMENT для таблицы `module`
--
ALTER TABLE `module`
  MODIFY `id` int(11) NOT NULL AUTO_INCREMENT, AUTO_INCREMENT=10;

--
-- AUTO_INCREMENT для таблицы `niigim_irrigation_category`
--
ALTER TABLE `niigim_irrigation_category`
  MODIFY `id` int(11) NOT NULL AUTO_INCREMENT, AUTO_INCREMENT=10;

--
-- AUTO_INCREMENT для таблицы `post`
--
ALTER TABLE `post`
  MODIFY `id` int(11) NOT NULL AUTO_INCREMENT, AUTO_INCREMENT=3;

--
-- AUTO_INCREMENT для таблицы `river_networks`
--
ALTER TABLE `river_networks`
  MODIFY `id` int(10) UNSIGNED NOT NULL AUTO_INCREMENT;

--
-- AUTO_INCREMENT для таблицы `roles`
--
ALTER TABLE `roles`
  MODIFY `id` int(11) NOT NULL AUTO_INCREMENT, AUTO_INCREMENT=4;

--
-- AUTO_INCREMENT для таблицы `rr_user`
--
ALTER TABLE `rr_user`
  MODIFY `id` int(11) NOT NULL AUTO_INCREMENT, AUTO_INCREMENT=10;

--
-- AUTO_INCREMENT для таблицы `sprinklers`
--
ALTER TABLE `sprinklers`
  MODIFY `objectid` bigint(20) UNSIGNED NOT NULL AUTO_INCREMENT;

--
-- AUTO_INCREMENT для таблицы `users`
--
ALTER TABLE `users`
  MODIFY `id` bigint(20) UNSIGNED NOT NULL AUTO_INCREMENT;

--
-- AUTO_INCREMENT для таблицы `watering`
--
ALTER TABLE `watering`
  MODIFY `id` int(11) NOT NULL AUTO_INCREMENT, AUTO_INCREMENT=1746;

--
-- AUTO_INCREMENT для таблицы `water_bazins_zones`
--
ALTER TABLE `water_bazins_zones`
  MODIFY `BZ_Code` int(10) UNSIGNED NOT NULL AUTO_INCREMENT;

--
-- AUTO_INCREMENT для таблицы `water__levels`
--
ALTER TABLE `water__levels`
  MODIFY `id` int(10) UNSIGNED NOT NULL AUTO_INCREMENT;

--
-- AUTO_INCREMENT для таблицы `wuas`
--
ALTER TABLE `wuas`
  MODIFY `WUA_Code` int(10) UNSIGNED NOT NULL AUTO_INCREMENT;

--
-- Ограничения внешнего ключа сохраненных таблиц
--

--
-- Ограничения внешнего ключа таблицы `agriculture`
--
ALTER TABLE `agriculture`
  ADD CONSTRAINT `agriculture_id_wua_foreign` FOREIGN KEY (`id_wua`) REFERENCES `wuas` (`WUA_Code`) ON DELETE CASCADE;

--
-- Ограничения внешнего ключа таблицы `canals`
--
ALTER TABLE `canals`
  ADD CONSTRAINT `canals_id_basins_foreign` FOREIGN KEY (`id_basins`) REFERENCES `water_bazins_zones` (`BZ_Code`) ON DELETE CASCADE,
  ADD CONSTRAINT `canals_id_river_network_foreign` FOREIGN KEY (`id_river_network`) REFERENCES `river_networks` (`id`),
  ADD CONSTRAINT `canals_id_wua_foreign` FOREIGN KEY (`id_wua`) REFERENCES `wuas` (`WUA_Code`) ON DELETE CASCADE;

--
-- Ограничения внешнего ключа таблицы `catchment_areas`
--
ALTER TABLE `catchment_areas`
  ADD CONSTRAINT `catchment_areas_id_water_bazins_zones_foreign` FOREIGN KEY (`id_water_bazins_zones`) REFERENCES `water_bazins_zones` (`BZ_Code`);

--
-- Ограничения внешнего ключа таблицы `main_rivers`
--
ALTER TABLE `main_rivers`
  ADD CONSTRAINT `main_rivers_id_water_basins_zones_foreign` FOREIGN KEY (`id_water_basins_zones`) REFERENCES `water_bazins_zones` (`BZ_Code`);

--
-- Ограничения внешнего ключа таблицы `river_networks`
--
ALTER TABLE `river_networks`
  ADD CONSTRAINT `river_networks_id_catchment_foreign` FOREIGN KEY (`id_catchment`) REFERENCES `catchment_areas` (`CCode`) ON DELETE CASCADE;

--
-- Ограничения внешнего ключа таблицы `sprinklers`
--
ALTER TABLE `sprinklers`
  ADD CONSTRAINT `sprinklers_id_canal_foreign` FOREIGN KEY (`id_canal`) REFERENCES `canals` (`CanalCode`) ON DELETE CASCADE,
  ADD CONSTRAINT `sprinklers_id_network_foreign` FOREIGN KEY (`id_network`) REFERENCES `river_networks` (`id`) ON DELETE CASCADE;

--
-- Ограничения внешнего ключа таблицы `water__levels`
--
ALTER TABLE `water__levels`
  ADD CONSTRAINT `water__levels_canal_id_foreign` FOREIGN KEY (`canal_id`) REFERENCES `canals` (`CanalCode`) ON DELETE CASCADE;
COMMIT;

/*!40101 SET CHARACTER_SET_CLIENT=@OLD_CHARACTER_SET_CLIENT */;
/*!40101 SET CHARACTER_SET_RESULTS=@OLD_CHARACTER_SET_RESULTS */;
/*!40101 SET COLLATION_CONNECTION=@OLD_COLLATION_CONNECTION */;
